id,treat,rep,genetic_change,ref,alt,ancestral_prop,af,diff,change,n,id3,pos,gene_type,gene_name,distance,change2,id2
control_1,control,1,40,C,T,0,1,1,gain,5,tssH_107412,107412,current_pos,tssH,0,gain,1
control_1,control,1,117,C,T,0.29166666666666663,0.3333333333333333,0.041666666666666685,existing,3,tuf_758238,758238,current_pos,tuf,0,existing,1
control_1,control,1,159,G,A,0.29166666666666663,0.3333333333333333,0.041666666666666685,existing,4,yejK_1215372,1215372,current_pos,yejK,0,existing,1
control_1,control,1,186,C,T,1,0.9583333333333333,-0.04166666666666674,existing,4,ngg_1672382,1672382,current_pos,ngg,0,existing,1
control_1,control,1,269,C,T,0.875,0.75,-0.125,existing,4,clpA_2618885,2618885,current_pos,clpA,0,existing,1
control_1,control,1,270,A,G,0.875,0.75,-0.125,existing,4,clpA_2618891,2618891,current_pos,clpA,0,existing,1
control_1,control,1,324,CTA,CATA,0,0.16666666666666666,0.16666666666666666,gain,4,gcvT_2892498,2892498,current_pos,gcvT,0,gain,1
control_1,control,1,592,T,C,0,1,1,gain,3,flgL_4474444,4474444,current_pos,flgL,0,gain,1
control_1,control,1,597,G,C,0,1,1,gain,3,flgL_4474498,4474498,current_pos,flgL,0,gain,1
control_1,control,1,635,A,T,0.875,0.7916666666666666,-0.08333333333333337,existing,4,purN_4619114,4619114,current_pos,purN,0,existing,1
control_1,control,1,637,G,A,0.9166666666666666,0.8333333333333333,-0.08333333333333337,existing,5,astB_4668032,4668032,current_pos,astB,0,existing,1
control_1,control,1,693,C,A,0.08333333333333333,0.20833333333333331,0.12499999999999999,existing,4,gatA_5178061,5178061,current_pos,gatA,0,existing,1
control_1,control,1,889,C,G,0.08333333333333333,0.16666666666666666,0.08333333333333333,existing,5,hslU_5964694,5964694,current_pos,hslU,0,existing,1
control_1,control,1,959,G,A,0.9166666666666666,0.7916666666666666,-0.125,existing,5,glmS_6517681,6517681,current_pos,glmS,0,existing,1
control_1,control,1,172,G,A,0,0,0,gain,NA,mutS_1502681,1502681,current_pos,mutS,0,gain,1
control_1,control,1,264,T,C,0.9583333333333333,0,-0.9583333333333333,lost,NA,tssI_2545186,2545186,current_pos,tssI,0,existing,1
control_1,control,1,452,G,C,0.125,0,-0.125,lost,NA,glgX_3263638,3263638,current_pos,glgX,0,existing,1
control_1,control,1,605,A,C,0,0,0,gain,NA,flgK_4476431,4476431,current_pos,flgK,0,gain,1
control_1,control,1,606,AGCG,GGCA,0,0,0,gain,NA,flgK_4476443,4476443,current_pos,flgK,0,gain,1
control_1,control,1,607,GGTTGT,CGTCGC,0,0,0,gain,NA,flgK_4476455,4476455,current_pos,flgK,0,gain,1
control_1,control,1,608,GCTG,CGCC,0,0,0,gain,NA,flgK_4476470,4476470,current_pos,flgK,0,gain,1
control_1,control,1,689,TTGA,CTGG,0,0,0,gain,NA,mreD_5174896,5174896,current_pos,mreD,0,gain,1
control_1,control,1,417,CCGG,ACGC,0,0,0,gain,NA,tssH_3022846,3022846,current_pos,tssH,0,gain,1
control_1,control,1,418,C,G,0,0,0,gain,NA,tssH_3022855,3022855,current_pos,tssH,0,gain,1
control_1,control,1,419,T,C,0,0,0,gain,NA,tssH_3022876,3022876,current_pos,tssH,0,gain,1
control_1,control,1,690,T,C,0,0,0,gain,NA,mreC_5174922,5174922,current_pos,mreC,0,gain,1
control_1,control,1,691,A,G,0,0,0,gain,NA,mreC_5174994,5174994,current_pos,mreC,0,gain,1
control_1,control,1,692,G,A,0,0,0,gain,NA,mreC_5175031,5175031,current_pos,mreC,0,gain,1
control_1,control,1,522,T,C,0.08333333333333333,0,-0.08333333333333333,lost,NA,tssC_3827848,3827848,current_pos,tssC,0,existing,1
control_1,control,1,598,A,G,0,0,0,gain,NA,flgK_4476188,4476188,current_pos,flgK,0,gain,1
control_1,control,1,599,GCAGC,TCAGG,0,0,0,gain,NA,flgK_4476196,4476196,current_pos,flgK,0,gain,1
control_1,control,1,600,G,A,0,0,0,gain,NA,flgK_4476206,4476206,current_pos,flgK,0,gain,1
control_1,control,1,601,ATAA,GTAG,0,0,0,gain,NA,flgK_4476221,4476221,current_pos,flgK,0,gain,1
control_1,control,1,909,CACC,AACG,0.08333333333333333,0,-0.08333333333333333,lost,NA,ntrC_6046334,6046334,current_pos,ntrC,0,existing,1
control_1,control,1,33,C,T,0.20833333333333331,0,-0.20833333333333331,lost,NA,exoT_57653,57653,current_pos,exoT,0,existing,1
control_1,control,1,34,C,G,0.20833333333333331,0,-0.20833333333333331,lost,NA,exoT_57662,57662,current_pos,exoT,0,existing,1
control_1,control,1,35,A,G,0.20833333333333331,0,-0.20833333333333331,lost,NA,exoT_57677,57677,current_pos,exoT,0,existing,1
control_1,control,1,36,GTTGGG,ATCGGC,0.20833333333333331,0,-0.20833333333333331,lost,NA,exoT_57682,57682,current_pos,exoT,0,existing,1
control_1,control,1,116,T,C,0,0,0,gain,NA,fusA_755892,755892,current_pos,fusA,0,gain,1
control_1,control,1,171,C,T,0,0,0,gain,NA,mutS_1502534,1502534,current_pos,mutS,0,gain,1
control_1,control,1,519,G,A,0,0,0,gain,NA,yscW_3778160,3778160,current_pos,yscW,0,gain,1
control_1,control,1,541,A,G,0,0,0,gain,NA,ffs_3974569,3974569,current_pos,ffs,0,gain,1
control_1,control,1,593,GGGT,ACGA,0,0,0,gain,NA,flgL_4474449,4474449,current_pos,flgL,0,gain,1
control_1,control,1,594,T,C,0,0,0,gain,NA,flgL_4474459,4474459,current_pos,flgL,0,gain,1
control_1,control,1,595,GCGCTTCAGG,ACGCCTCGGC,0,0,0,gain,NA,flgL_4474464,4474464,current_pos,flgL,0,gain,1
control_1,control,1,698,C,T,0,0,0,gain,NA,pilB_5234881,5234881,current_pos,pilB,0,gain,1
control_1,control,1,332,T,C,0.20833333333333331,0,-0.20833333333333331,lost,NA,pvdL_2920309,2920309,current_pos,pvdL,0,existing,1
control_1,control,1,336,GCCGT,GGT,0.20833333333333331,0,-0.20833333333333331,lost,NA,pvdL_2921233,2921233,current_pos,pvdL,0,existing,1
control_1,control,1,337,ACGCTGGTG,ATGCGTTGATC,0.20833333333333331,0,-0.20833333333333331,lost,NA,pvdL_2921240,2921240,current_pos,pvdL,0,existing,1
control_1,control,1,338,G,A,0.20833333333333331,0,-0.20833333333333331,lost,NA,pvdL_2921260,2921260,current_pos,pvdL,0,existing,1
control_2,control,2,40,C,T,0,1,1,gain,5,tssH_107412,107412,current_pos,tssH,0,gain,2
control_2,control,2,117,C,T,0.29166666666666663,0.20833333333333331,-0.08333333333333331,existing,3,tuf_758238,758238,current_pos,tuf,0,existing,2
control_2,control,2,159,G,A,0.29166666666666663,0,-0.29166666666666663,lost,NA,yejK_1215372,1215372,current_pos,yejK,0,existing,2
control_2,control,2,186,C,T,1,0.9583333333333333,-0.04166666666666674,existing,4,ngg_1672382,1672382,current_pos,ngg,0,existing,2
control_2,control,2,269,C,T,0.875,0.8333333333333333,-0.04166666666666674,existing,4,clpA_2618885,2618885,current_pos,clpA,0,existing,2
control_2,control,2,270,A,G,0.875,0.8333333333333333,-0.04166666666666674,existing,4,clpA_2618891,2618891,current_pos,clpA,0,existing,2
control_2,control,2,324,CTA,CATA,0,0.16666666666666666,0.16666666666666666,gain,4,gcvT_2892498,2892498,current_pos,gcvT,0,gain,2
control_2,control,2,592,T,C,0,1,1,gain,3,flgL_4474444,4474444,current_pos,flgL,0,gain,2
control_2,control,2,597,G,C,0,1,1,gain,3,flgL_4474498,4474498,current_pos,flgL,0,gain,2
control_2,control,2,635,A,T,0.875,0.8333333333333333,-0.04166666666666674,existing,4,purN_4619114,4619114,current_pos,purN,0,existing,2
control_2,control,2,637,G,A,0.9166666666666666,0.8333333333333333,-0.08333333333333337,existing,5,astB_4668032,4668032,current_pos,astB,0,existing,2
control_2,control,2,693,C,A,0.08333333333333333,0.125,0.04166666666666667,existing,4,gatA_5178061,5178061,current_pos,gatA,0,existing,2
control_2,control,2,889,C,G,0.08333333333333333,0.125,0.04166666666666667,existing,5,hslU_5964694,5964694,current_pos,hslU,0,existing,2
control_2,control,2,959,G,A,0.9166666666666666,0.8333333333333333,-0.08333333333333337,existing,5,glmS_6517681,6517681,current_pos,glmS,0,existing,2
control_2,control,2,172,G,A,0,0,0,gain,NA,mutS_1502681,1502681,current_pos,mutS,0,gain,2
control_2,control,2,264,T,C,0.9583333333333333,0,-0.9583333333333333,lost,NA,tssI_2545186,2545186,current_pos,tssI,0,existing,2
control_2,control,2,452,G,C,0.125,0,-0.125,lost,NA,glgX_3263638,3263638,current_pos,glgX,0,existing,2
control_2,control,2,605,A,C,0,0,0,gain,NA,flgK_4476431,4476431,current_pos,flgK,0,gain,2
control_2,control,2,606,AGCG,GGCA,0,0,0,gain,NA,flgK_4476443,4476443,current_pos,flgK,0,gain,2
control_2,control,2,607,GGTTGT,CGTCGC,0,0,0,gain,NA,flgK_4476455,4476455,current_pos,flgK,0,gain,2
control_2,control,2,608,GCTG,CGCC,0,0,0,gain,NA,flgK_4476470,4476470,current_pos,flgK,0,gain,2
control_2,control,2,689,TTGA,CTGG,0,0,0,gain,NA,mreD_5174896,5174896,current_pos,mreD,0,gain,2
control_2,control,2,417,CCGG,ACGC,0,0,0,gain,NA,tssH_3022846,3022846,current_pos,tssH,0,gain,2
control_2,control,2,418,C,G,0,0,0,gain,NA,tssH_3022855,3022855,current_pos,tssH,0,gain,2
control_2,control,2,419,T,C,0,0,0,gain,NA,tssH_3022876,3022876,current_pos,tssH,0,gain,2
control_2,control,2,690,T,C,0,0,0,gain,NA,mreC_5174922,5174922,current_pos,mreC,0,gain,2
control_2,control,2,691,A,G,0,0,0,gain,NA,mreC_5174994,5174994,current_pos,mreC,0,gain,2
control_2,control,2,692,G,A,0,0,0,gain,NA,mreC_5175031,5175031,current_pos,mreC,0,gain,2
control_2,control,2,522,T,C,0.08333333333333333,0,-0.08333333333333333,lost,NA,tssC_3827848,3827848,current_pos,tssC,0,existing,2
control_2,control,2,598,A,G,0,0,0,gain,NA,flgK_4476188,4476188,current_pos,flgK,0,gain,2
control_2,control,2,599,GCAGC,TCAGG,0,0,0,gain,NA,flgK_4476196,4476196,current_pos,flgK,0,gain,2
control_2,control,2,600,G,A,0,0,0,gain,NA,flgK_4476206,4476206,current_pos,flgK,0,gain,2
control_2,control,2,601,ATAA,GTAG,0,0,0,gain,NA,flgK_4476221,4476221,current_pos,flgK,0,gain,2
control_2,control,2,909,CACC,AACG,0.08333333333333333,0,-0.08333333333333333,lost,NA,ntrC_6046334,6046334,current_pos,ntrC,0,existing,2
control_2,control,2,33,C,T,0.20833333333333331,0,-0.20833333333333331,lost,NA,exoT_57653,57653,current_pos,exoT,0,existing,2
control_2,control,2,34,C,G,0.20833333333333331,0,-0.20833333333333331,lost,NA,exoT_57662,57662,current_pos,exoT,0,existing,2
control_2,control,2,35,A,G,0.20833333333333331,0,-0.20833333333333331,lost,NA,exoT_57677,57677,current_pos,exoT,0,existing,2
control_2,control,2,36,GTTGGG,ATCGGC,0.20833333333333331,0,-0.20833333333333331,lost,NA,exoT_57682,57682,current_pos,exoT,0,existing,2
control_2,control,2,116,T,C,0,0,0,gain,NA,fusA_755892,755892,current_pos,fusA,0,gain,2
control_2,control,2,171,C,T,0,0,0,gain,NA,mutS_1502534,1502534,current_pos,mutS,0,gain,2
control_2,control,2,519,G,A,0,0,0,gain,NA,yscW_3778160,3778160,current_pos,yscW,0,gain,2
control_2,control,2,541,A,G,0,0,0,gain,NA,ffs_3974569,3974569,current_pos,ffs,0,gain,2
control_2,control,2,593,GGGT,ACGA,0,0,0,gain,NA,flgL_4474449,4474449,current_pos,flgL,0,gain,2
control_2,control,2,594,T,C,0,0,0,gain,NA,flgL_4474459,4474459,current_pos,flgL,0,gain,2
control_2,control,2,595,GCGCTTCAGG,ACGCCTCGGC,0,0,0,gain,NA,flgL_4474464,4474464,current_pos,flgL,0,gain,2
control_2,control,2,698,C,T,0,0,0,gain,NA,pilB_5234881,5234881,current_pos,pilB,0,gain,2
control_2,control,2,332,T,C,0.20833333333333331,0,-0.20833333333333331,lost,NA,pvdL_2920309,2920309,current_pos,pvdL,0,existing,2
control_2,control,2,336,GCCGT,GGT,0.20833333333333331,0,-0.20833333333333331,lost,NA,pvdL_2921233,2921233,current_pos,pvdL,0,existing,2
control_2,control,2,337,ACGCTGGTG,ATGCGTTGATC,0.20833333333333331,0,-0.20833333333333331,lost,NA,pvdL_2921240,2921240,current_pos,pvdL,0,existing,2
control_2,control,2,338,G,A,0.20833333333333331,0,-0.20833333333333331,lost,NA,pvdL_2921260,2921260,current_pos,pvdL,0,existing,2
control_3,control,3,40,C,T,0,1,1,gain,5,tssH_107412,107412,current_pos,tssH,0,gain,3
control_3,control,3,117,C,T,0.29166666666666663,0,-0.29166666666666663,lost,NA,tuf_758238,758238,current_pos,tuf,0,existing,3
control_3,control,3,159,G,A,0.29166666666666663,0.3333333333333333,0.041666666666666685,existing,4,yejK_1215372,1215372,current_pos,yejK,0,existing,3
control_3,control,3,186,C,T,1,0.9583333333333333,-0.04166666666666674,existing,4,ngg_1672382,1672382,current_pos,ngg,0,existing,3
control_3,control,3,269,C,T,0.875,0,-0.875,lost,NA,clpA_2618885,2618885,current_pos,clpA,0,existing,3
control_3,control,3,270,A,G,0.875,0,-0.875,lost,NA,clpA_2618891,2618891,current_pos,clpA,0,existing,3
control_3,control,3,324,CTA,CATA,0,0.16666666666666666,0.16666666666666666,gain,4,gcvT_2892498,2892498,current_pos,gcvT,0,gain,3
control_3,control,3,592,T,C,0,0,0,gain,NA,flgL_4474444,4474444,current_pos,flgL,0,gain,3
control_3,control,3,597,G,C,0,0,0,gain,NA,flgL_4474498,4474498,current_pos,flgL,0,gain,3
control_3,control,3,635,A,T,0.875,0.8333333333333333,-0.04166666666666674,existing,4,purN_4619114,4619114,current_pos,purN,0,existing,3
control_3,control,3,637,G,A,0.9166666666666666,0.8333333333333333,-0.08333333333333337,existing,5,astB_4668032,4668032,current_pos,astB,0,existing,3
control_3,control,3,693,C,A,0.08333333333333333,0,-0.08333333333333333,lost,NA,gatA_5178061,5178061,current_pos,gatA,0,existing,3
control_3,control,3,889,C,G,0.08333333333333333,0.16666666666666666,0.08333333333333333,existing,5,hslU_5964694,5964694,current_pos,hslU,0,existing,3
control_3,control,3,959,G,A,0.9166666666666666,0,-0.9166666666666666,lost,NA,glmS_6517681,6517681,current_pos,glmS,0,existing,3
control_3,control,3,172,G,A,0,0,0,gain,NA,mutS_1502681,1502681,current_pos,mutS,0,gain,3
control_3,control,3,264,T,C,0.9583333333333333,0,-0.9583333333333333,lost,NA,tssI_2545186,2545186,current_pos,tssI,0,existing,3
control_3,control,3,452,G,C,0.125,0,-0.125,lost,NA,glgX_3263638,3263638,current_pos,glgX,0,existing,3
control_3,control,3,605,A,C,0,0,0,gain,NA,flgK_4476431,4476431,current_pos,flgK,0,gain,3
control_3,control,3,606,AGCG,GGCA,0,0,0,gain,NA,flgK_4476443,4476443,current_pos,flgK,0,gain,3
control_3,control,3,607,GGTTGT,CGTCGC,0,0,0,gain,NA,flgK_4476455,4476455,current_pos,flgK,0,gain,3
control_3,control,3,608,GCTG,CGCC,0,0,0,gain,NA,flgK_4476470,4476470,current_pos,flgK,0,gain,3
control_3,control,3,689,TTGA,CTGG,0,0,0,gain,NA,mreD_5174896,5174896,current_pos,mreD,0,gain,3
control_3,control,3,417,CCGG,ACGC,0,0,0,gain,NA,tssH_3022846,3022846,current_pos,tssH,0,gain,3
control_3,control,3,418,C,G,0,0,0,gain,NA,tssH_3022855,3022855,current_pos,tssH,0,gain,3
control_3,control,3,419,T,C,0,0,0,gain,NA,tssH_3022876,3022876,current_pos,tssH,0,gain,3
control_3,control,3,690,T,C,0,0,0,gain,NA,mreC_5174922,5174922,current_pos,mreC,0,gain,3
control_3,control,3,691,A,G,0,0,0,gain,NA,mreC_5174994,5174994,current_pos,mreC,0,gain,3
control_3,control,3,692,G,A,0,0,0,gain,NA,mreC_5175031,5175031,current_pos,mreC,0,gain,3
control_3,control,3,522,T,C,0.08333333333333333,0,-0.08333333333333333,lost,NA,tssC_3827848,3827848,current_pos,tssC,0,existing,3
control_3,control,3,598,A,G,0,0,0,gain,NA,flgK_4476188,4476188,current_pos,flgK,0,gain,3
control_3,control,3,599,GCAGC,TCAGG,0,0,0,gain,NA,flgK_4476196,4476196,current_pos,flgK,0,gain,3
control_3,control,3,600,G,A,0,0,0,gain,NA,flgK_4476206,4476206,current_pos,flgK,0,gain,3
control_3,control,3,601,ATAA,GTAG,0,0,0,gain,NA,flgK_4476221,4476221,current_pos,flgK,0,gain,3
control_3,control,3,909,CACC,AACG,0.08333333333333333,0,-0.08333333333333333,lost,NA,ntrC_6046334,6046334,current_pos,ntrC,0,existing,3
control_3,control,3,33,C,T,0.20833333333333331,0,-0.20833333333333331,lost,NA,exoT_57653,57653,current_pos,exoT,0,existing,3
control_3,control,3,34,C,G,0.20833333333333331,0,-0.20833333333333331,lost,NA,exoT_57662,57662,current_pos,exoT,0,existing,3
control_3,control,3,35,A,G,0.20833333333333331,0,-0.20833333333333331,lost,NA,exoT_57677,57677,current_pos,exoT,0,existing,3
control_3,control,3,36,GTTGGG,ATCGGC,0.20833333333333331,0,-0.20833333333333331,lost,NA,exoT_57682,57682,current_pos,exoT,0,existing,3
control_3,control,3,116,T,C,0,0,0,gain,NA,fusA_755892,755892,current_pos,fusA,0,gain,3
control_3,control,3,171,C,T,0,0,0,gain,NA,mutS_1502534,1502534,current_pos,mutS,0,gain,3
control_3,control,3,519,G,A,0,0,0,gain,NA,yscW_3778160,3778160,current_pos,yscW,0,gain,3
control_3,control,3,541,A,G,0,0,0,gain,NA,ffs_3974569,3974569,current_pos,ffs,0,gain,3
control_3,control,3,593,GGGT,ACGA,0,0,0,gain,NA,flgL_4474449,4474449,current_pos,flgL,0,gain,3
control_3,control,3,594,T,C,0,0,0,gain,NA,flgL_4474459,4474459,current_pos,flgL,0,gain,3
control_3,control,3,595,GCGCTTCAGG,ACGCCTCGGC,0,0,0,gain,NA,flgL_4474464,4474464,current_pos,flgL,0,gain,3
control_3,control,3,698,C,T,0,0,0,gain,NA,pilB_5234881,5234881,current_pos,pilB,0,gain,3
control_3,control,3,332,T,C,0.20833333333333331,0,-0.20833333333333331,lost,NA,pvdL_2920309,2920309,current_pos,pvdL,0,existing,3
control_3,control,3,336,GCCGT,GGT,0.20833333333333331,0,-0.20833333333333331,lost,NA,pvdL_2921233,2921233,current_pos,pvdL,0,existing,3
control_3,control,3,337,ACGCTGGTG,ATGCGTTGATC,0.20833333333333331,0,-0.20833333333333331,lost,NA,pvdL_2921240,2921240,current_pos,pvdL,0,existing,3
control_3,control,3,338,G,A,0.20833333333333331,0,-0.20833333333333331,lost,NA,pvdL_2921260,2921260,current_pos,pvdL,0,existing,3
control_4,control,4,40,C,T,0,0,0,gain,NA,tssH_107412,107412,current_pos,tssH,0,gain,4
control_4,control,4,117,C,T,0.29166666666666663,0,-0.29166666666666663,lost,NA,tuf_758238,758238,current_pos,tuf,0,existing,4
control_4,control,4,159,G,A,0.29166666666666663,0,-0.29166666666666663,lost,NA,yejK_1215372,1215372,current_pos,yejK,0,existing,4
control_4,control,4,186,C,T,1,0,-1,lost,NA,ngg_1672382,1672382,current_pos,ngg,0,existing,4
control_4,control,4,269,C,T,0.875,0,-0.875,lost,NA,clpA_2618885,2618885,current_pos,clpA,0,existing,4
control_4,control,4,270,A,G,0.875,0,-0.875,lost,NA,clpA_2618891,2618891,current_pos,clpA,0,existing,4
control_4,control,4,324,CTA,CATA,0,0,0,gain,NA,gcvT_2892498,2892498,current_pos,gcvT,0,gain,4
control_4,control,4,592,T,C,0,0,0,gain,NA,flgL_4474444,4474444,current_pos,flgL,0,gain,4
control_4,control,4,597,G,C,0,0,0,gain,NA,flgL_4474498,4474498,current_pos,flgL,0,gain,4
control_4,control,4,635,A,T,0.875,0,-0.875,lost,NA,purN_4619114,4619114,current_pos,purN,0,existing,4
control_4,control,4,637,G,A,0.9166666666666666,0,-0.9166666666666666,lost,NA,astB_4668032,4668032,current_pos,astB,0,existing,4
control_4,control,4,693,C,A,0.08333333333333333,0,-0.08333333333333333,lost,NA,gatA_5178061,5178061,current_pos,gatA,0,existing,4
control_4,control,4,889,C,G,0.08333333333333333,0,-0.08333333333333333,lost,NA,hslU_5964694,5964694,current_pos,hslU,0,existing,4
control_4,control,4,959,G,A,0.9166666666666666,0.8333333333333333,-0.08333333333333337,existing,5,glmS_6517681,6517681,current_pos,glmS,0,existing,4
control_4,control,4,172,G,A,0,0,0,gain,NA,mutS_1502681,1502681,current_pos,mutS,0,gain,4
control_4,control,4,264,T,C,0.9583333333333333,0,-0.9583333333333333,lost,NA,tssI_2545186,2545186,current_pos,tssI,0,existing,4
control_4,control,4,452,G,C,0.125,0,-0.125,lost,NA,glgX_3263638,3263638,current_pos,glgX,0,existing,4
control_4,control,4,605,A,C,0,0,0,gain,NA,flgK_4476431,4476431,current_pos,flgK,0,gain,4
control_4,control,4,606,AGCG,GGCA,0,0,0,gain,NA,flgK_4476443,4476443,current_pos,flgK,0,gain,4
control_4,control,4,607,GGTTGT,CGTCGC,0,0,0,gain,NA,flgK_4476455,4476455,current_pos,flgK,0,gain,4
control_4,control,4,608,GCTG,CGCC,0,0,0,gain,NA,flgK_4476470,4476470,current_pos,flgK,0,gain,4
control_4,control,4,689,TTGA,CTGG,0,0,0,gain,NA,mreD_5174896,5174896,current_pos,mreD,0,gain,4
control_4,control,4,417,CCGG,ACGC,0,0,0,gain,NA,tssH_3022846,3022846,current_pos,tssH,0,gain,4
control_4,control,4,418,C,G,0,0,0,gain,NA,tssH_3022855,3022855,current_pos,tssH,0,gain,4
control_4,control,4,419,T,C,0,0,0,gain,NA,tssH_3022876,3022876,current_pos,tssH,0,gain,4
control_4,control,4,690,T,C,0,0,0,gain,NA,mreC_5174922,5174922,current_pos,mreC,0,gain,4
control_4,control,4,691,A,G,0,0,0,gain,NA,mreC_5174994,5174994,current_pos,mreC,0,gain,4
control_4,control,4,692,G,A,0,0,0,gain,NA,mreC_5175031,5175031,current_pos,mreC,0,gain,4
control_4,control,4,522,T,C,0.08333333333333333,0,-0.08333333333333333,lost,NA,tssC_3827848,3827848,current_pos,tssC,0,existing,4
control_4,control,4,598,A,G,0,0,0,gain,NA,flgK_4476188,4476188,current_pos,flgK,0,gain,4
control_4,control,4,599,GCAGC,TCAGG,0,0,0,gain,NA,flgK_4476196,4476196,current_pos,flgK,0,gain,4
control_4,control,4,600,G,A,0,0,0,gain,NA,flgK_4476206,4476206,current_pos,flgK,0,gain,4
control_4,control,4,601,ATAA,GTAG,0,0,0,gain,NA,flgK_4476221,4476221,current_pos,flgK,0,gain,4
control_4,control,4,909,CACC,AACG,0.08333333333333333,0,-0.08333333333333333,lost,NA,ntrC_6046334,6046334,current_pos,ntrC,0,existing,4
control_4,control,4,33,C,T,0.20833333333333331,0,-0.20833333333333331,lost,NA,exoT_57653,57653,current_pos,exoT,0,existing,4
control_4,control,4,34,C,G,0.20833333333333331,0,-0.20833333333333331,lost,NA,exoT_57662,57662,current_pos,exoT,0,existing,4
control_4,control,4,35,A,G,0.20833333333333331,0,-0.20833333333333331,lost,NA,exoT_57677,57677,current_pos,exoT,0,existing,4
control_4,control,4,36,GTTGGG,ATCGGC,0.20833333333333331,0,-0.20833333333333331,lost,NA,exoT_57682,57682,current_pos,exoT,0,existing,4
control_4,control,4,116,T,C,0,0,0,gain,NA,fusA_755892,755892,current_pos,fusA,0,gain,4
control_4,control,4,171,C,T,0,0,0,gain,NA,mutS_1502534,1502534,current_pos,mutS,0,gain,4
control_4,control,4,519,G,A,0,0,0,gain,NA,yscW_3778160,3778160,current_pos,yscW,0,gain,4
control_4,control,4,541,A,G,0,0,0,gain,NA,ffs_3974569,3974569,current_pos,ffs,0,gain,4
control_4,control,4,593,GGGT,ACGA,0,0,0,gain,NA,flgL_4474449,4474449,current_pos,flgL,0,gain,4
control_4,control,4,594,T,C,0,0,0,gain,NA,flgL_4474459,4474459,current_pos,flgL,0,gain,4
control_4,control,4,595,GCGCTTCAGG,ACGCCTCGGC,0,0,0,gain,NA,flgL_4474464,4474464,current_pos,flgL,0,gain,4
control_4,control,4,698,C,T,0,0,0,gain,NA,pilB_5234881,5234881,current_pos,pilB,0,gain,4
control_4,control,4,332,T,C,0.20833333333333331,0,-0.20833333333333331,lost,NA,pvdL_2920309,2920309,current_pos,pvdL,0,existing,4
control_4,control,4,336,GCCGT,GGT,0.20833333333333331,0,-0.20833333333333331,lost,NA,pvdL_2921233,2921233,current_pos,pvdL,0,existing,4
control_4,control,4,337,ACGCTGGTG,ATGCGTTGATC,0.20833333333333331,0,-0.20833333333333331,lost,NA,pvdL_2921240,2921240,current_pos,pvdL,0,existing,4
control_4,control,4,338,G,A,0.20833333333333331,0,-0.20833333333333331,lost,NA,pvdL_2921260,2921260,current_pos,pvdL,0,existing,4
control_5,control,5,40,C,T,0,1,1,gain,5,tssH_107412,107412,current_pos,tssH,0,gain,5
control_5,control,5,117,C,T,0.29166666666666663,0.3333333333333333,0.041666666666666685,existing,3,tuf_758238,758238,current_pos,tuf,0,existing,5
control_5,control,5,159,G,A,0.29166666666666663,0.3333333333333333,0.041666666666666685,existing,4,yejK_1215372,1215372,current_pos,yejK,0,existing,5
control_5,control,5,186,C,T,1,0,-1,lost,NA,ngg_1672382,1672382,current_pos,ngg,0,existing,5
control_5,control,5,269,C,T,0.875,0.8333333333333333,-0.04166666666666674,existing,4,clpA_2618885,2618885,current_pos,clpA,0,existing,5
control_5,control,5,270,A,G,0.875,0.8333333333333333,-0.04166666666666674,existing,4,clpA_2618891,2618891,current_pos,clpA,0,existing,5
control_5,control,5,324,CTA,CATA,0,0,0,gain,NA,gcvT_2892498,2892498,current_pos,gcvT,0,gain,5
control_5,control,5,592,T,C,0,1,1,gain,3,flgL_4474444,4474444,current_pos,flgL,0,gain,5
control_5,control,5,597,G,C,0,1,1,gain,3,flgL_4474498,4474498,current_pos,flgL,0,gain,5
control_5,control,5,635,A,T,0.875,0.7916666666666666,-0.08333333333333337,existing,4,purN_4619114,4619114,current_pos,purN,0,existing,5
control_5,control,5,637,G,A,0.9166666666666666,0.8333333333333333,-0.08333333333333337,existing,5,astB_4668032,4668032,current_pos,astB,0,existing,5
control_5,control,5,693,C,A,0.08333333333333333,0.16666666666666666,0.08333333333333333,existing,4,gatA_5178061,5178061,current_pos,gatA,0,existing,5
control_5,control,5,889,C,G,0.08333333333333333,0.16666666666666666,0.08333333333333333,existing,5,hslU_5964694,5964694,current_pos,hslU,0,existing,5
control_5,control,5,959,G,A,0.9166666666666666,0.8333333333333333,-0.08333333333333337,existing,5,glmS_6517681,6517681,current_pos,glmS,0,existing,5
control_5,control,5,172,G,A,0,0,0,gain,NA,mutS_1502681,1502681,current_pos,mutS,0,gain,5
control_5,control,5,264,T,C,0.9583333333333333,0,-0.9583333333333333,lost,NA,tssI_2545186,2545186,current_pos,tssI,0,existing,5
control_5,control,5,452,G,C,0.125,0,-0.125,lost,NA,glgX_3263638,3263638,current_pos,glgX,0,existing,5
control_5,control,5,605,A,C,0,0,0,gain,NA,flgK_4476431,4476431,current_pos,flgK,0,gain,5
control_5,control,5,606,AGCG,GGCA,0,0,0,gain,NA,flgK_4476443,4476443,current_pos,flgK,0,gain,5
control_5,control,5,607,GGTTGT,CGTCGC,0,0,0,gain,NA,flgK_4476455,4476455,current_pos,flgK,0,gain,5
control_5,control,5,608,GCTG,CGCC,0,0,0,gain,NA,flgK_4476470,4476470,current_pos,flgK,0,gain,5
control_5,control,5,689,TTGA,CTGG,0,0,0,gain,NA,mreD_5174896,5174896,current_pos,mreD,0,gain,5
control_5,control,5,417,CCGG,ACGC,0,0,0,gain,NA,tssH_3022846,3022846,current_pos,tssH,0,gain,5
control_5,control,5,418,C,G,0,0,0,gain,NA,tssH_3022855,3022855,current_pos,tssH,0,gain,5
control_5,control,5,419,T,C,0,0,0,gain,NA,tssH_3022876,3022876,current_pos,tssH,0,gain,5
control_5,control,5,690,T,C,0,0,0,gain,NA,mreC_5174922,5174922,current_pos,mreC,0,gain,5
control_5,control,5,691,A,G,0,0,0,gain,NA,mreC_5174994,5174994,current_pos,mreC,0,gain,5
control_5,control,5,692,G,A,0,0,0,gain,NA,mreC_5175031,5175031,current_pos,mreC,0,gain,5
control_5,control,5,522,T,C,0.08333333333333333,0,-0.08333333333333333,lost,NA,tssC_3827848,3827848,current_pos,tssC,0,existing,5
control_5,control,5,598,A,G,0,0,0,gain,NA,flgK_4476188,4476188,current_pos,flgK,0,gain,5
control_5,control,5,599,GCAGC,TCAGG,0,0,0,gain,NA,flgK_4476196,4476196,current_pos,flgK,0,gain,5
control_5,control,5,600,G,A,0,0,0,gain,NA,flgK_4476206,4476206,current_pos,flgK,0,gain,5
control_5,control,5,601,ATAA,GTAG,0,0,0,gain,NA,flgK_4476221,4476221,current_pos,flgK,0,gain,5
control_5,control,5,909,CACC,AACG,0.08333333333333333,0,-0.08333333333333333,lost,NA,ntrC_6046334,6046334,current_pos,ntrC,0,existing,5
control_5,control,5,33,C,T,0.20833333333333331,0,-0.20833333333333331,lost,NA,exoT_57653,57653,current_pos,exoT,0,existing,5
control_5,control,5,34,C,G,0.20833333333333331,0,-0.20833333333333331,lost,NA,exoT_57662,57662,current_pos,exoT,0,existing,5
control_5,control,5,35,A,G,0.20833333333333331,0,-0.20833333333333331,lost,NA,exoT_57677,57677,current_pos,exoT,0,existing,5
control_5,control,5,36,GTTGGG,ATCGGC,0.20833333333333331,0,-0.20833333333333331,lost,NA,exoT_57682,57682,current_pos,exoT,0,existing,5
control_5,control,5,116,T,C,0,0,0,gain,NA,fusA_755892,755892,current_pos,fusA,0,gain,5
control_5,control,5,171,C,T,0,0,0,gain,NA,mutS_1502534,1502534,current_pos,mutS,0,gain,5
control_5,control,5,519,G,A,0,0,0,gain,NA,yscW_3778160,3778160,current_pos,yscW,0,gain,5
control_5,control,5,541,A,G,0,0,0,gain,NA,ffs_3974569,3974569,current_pos,ffs,0,gain,5
control_5,control,5,593,GGGT,ACGA,0,0,0,gain,NA,flgL_4474449,4474449,current_pos,flgL,0,gain,5
control_5,control,5,594,T,C,0,0,0,gain,NA,flgL_4474459,4474459,current_pos,flgL,0,gain,5
control_5,control,5,595,GCGCTTCAGG,ACGCCTCGGC,0,0,0,gain,NA,flgL_4474464,4474464,current_pos,flgL,0,gain,5
control_5,control,5,698,C,T,0,0,0,gain,NA,pilB_5234881,5234881,current_pos,pilB,0,gain,5
control_5,control,5,332,T,C,0.20833333333333331,0,-0.20833333333333331,lost,NA,pvdL_2920309,2920309,current_pos,pvdL,0,existing,5
control_5,control,5,336,GCCGT,GGT,0.20833333333333331,0,-0.20833333333333331,lost,NA,pvdL_2921233,2921233,current_pos,pvdL,0,existing,5
control_5,control,5,337,ACGCTGGTG,ATGCGTTGATC,0.20833333333333331,0,-0.20833333333333331,lost,NA,pvdL_2921240,2921240,current_pos,pvdL,0,existing,5
control_5,control,5,338,G,A,0.20833333333333331,0,-0.20833333333333331,lost,NA,pvdL_2921260,2921260,current_pos,pvdL,0,existing,5
control_6,control,6,40,C,T,0,1,1,gain,5,tssH_107412,107412,current_pos,tssH,0,gain,6
control_6,control,6,117,C,T,0.29166666666666663,0,-0.29166666666666663,lost,NA,tuf_758238,758238,current_pos,tuf,0,existing,6
control_6,control,6,159,G,A,0.29166666666666663,0.3333333333333333,0.041666666666666685,existing,4,yejK_1215372,1215372,current_pos,yejK,0,existing,6
control_6,control,6,186,C,T,1,0.9583333333333333,-0.04166666666666674,existing,4,ngg_1672382,1672382,current_pos,ngg,0,existing,6
control_6,control,6,269,C,T,0.875,0.8333333333333333,-0.04166666666666674,existing,4,clpA_2618885,2618885,current_pos,clpA,0,existing,6
control_6,control,6,270,A,G,0.875,0.8333333333333333,-0.04166666666666674,existing,4,clpA_2618891,2618891,current_pos,clpA,0,existing,6
control_6,control,6,324,CTA,CATA,0,0.125,0.125,gain,4,gcvT_2892498,2892498,current_pos,gcvT,0,gain,6
control_6,control,6,592,T,C,0,0,0,gain,NA,flgL_4474444,4474444,current_pos,flgL,0,gain,6
control_6,control,6,597,G,C,0,0,0,gain,NA,flgL_4474498,4474498,current_pos,flgL,0,gain,6
control_6,control,6,635,A,T,0.875,0,-0.875,lost,NA,purN_4619114,4619114,current_pos,purN,0,existing,6
control_6,control,6,637,G,A,0.9166666666666666,0.8333333333333333,-0.08333333333333337,existing,5,astB_4668032,4668032,current_pos,astB,0,existing,6
control_6,control,6,693,C,A,0.08333333333333333,0.125,0.04166666666666667,existing,4,gatA_5178061,5178061,current_pos,gatA,0,existing,6
control_6,control,6,889,C,G,0.08333333333333333,0.125,0.04166666666666667,existing,5,hslU_5964694,5964694,current_pos,hslU,0,existing,6
control_6,control,6,959,G,A,0.9166666666666666,0.8333333333333333,-0.08333333333333337,existing,5,glmS_6517681,6517681,current_pos,glmS,0,existing,6
control_6,control,6,172,G,A,0,0,0,gain,NA,mutS_1502681,1502681,current_pos,mutS,0,gain,6
control_6,control,6,264,T,C,0.9583333333333333,0,-0.9583333333333333,lost,NA,tssI_2545186,2545186,current_pos,tssI,0,existing,6
control_6,control,6,452,G,C,0.125,0,-0.125,lost,NA,glgX_3263638,3263638,current_pos,glgX,0,existing,6
control_6,control,6,605,A,C,0,0,0,gain,NA,flgK_4476431,4476431,current_pos,flgK,0,gain,6
control_6,control,6,606,AGCG,GGCA,0,0,0,gain,NA,flgK_4476443,4476443,current_pos,flgK,0,gain,6
control_6,control,6,607,GGTTGT,CGTCGC,0,0,0,gain,NA,flgK_4476455,4476455,current_pos,flgK,0,gain,6
control_6,control,6,608,GCTG,CGCC,0,0,0,gain,NA,flgK_4476470,4476470,current_pos,flgK,0,gain,6
control_6,control,6,689,TTGA,CTGG,0,0,0,gain,NA,mreD_5174896,5174896,current_pos,mreD,0,gain,6
control_6,control,6,417,CCGG,ACGC,0,0,0,gain,NA,tssH_3022846,3022846,current_pos,tssH,0,gain,6
control_6,control,6,418,C,G,0,0,0,gain,NA,tssH_3022855,3022855,current_pos,tssH,0,gain,6
control_6,control,6,419,T,C,0,0,0,gain,NA,tssH_3022876,3022876,current_pos,tssH,0,gain,6
control_6,control,6,690,T,C,0,0,0,gain,NA,mreC_5174922,5174922,current_pos,mreC,0,gain,6
control_6,control,6,691,A,G,0,0,0,gain,NA,mreC_5174994,5174994,current_pos,mreC,0,gain,6
control_6,control,6,692,G,A,0,0,0,gain,NA,mreC_5175031,5175031,current_pos,mreC,0,gain,6
control_6,control,6,522,T,C,0.08333333333333333,0,-0.08333333333333333,lost,NA,tssC_3827848,3827848,current_pos,tssC,0,existing,6
control_6,control,6,598,A,G,0,0,0,gain,NA,flgK_4476188,4476188,current_pos,flgK,0,gain,6
control_6,control,6,599,GCAGC,TCAGG,0,0,0,gain,NA,flgK_4476196,4476196,current_pos,flgK,0,gain,6
control_6,control,6,600,G,A,0,0,0,gain,NA,flgK_4476206,4476206,current_pos,flgK,0,gain,6
control_6,control,6,601,ATAA,GTAG,0,0,0,gain,NA,flgK_4476221,4476221,current_pos,flgK,0,gain,6
control_6,control,6,909,CACC,AACG,0.08333333333333333,0,-0.08333333333333333,lost,NA,ntrC_6046334,6046334,current_pos,ntrC,0,existing,6
control_6,control,6,33,C,T,0.20833333333333331,0,-0.20833333333333331,lost,NA,exoT_57653,57653,current_pos,exoT,0,existing,6
control_6,control,6,34,C,G,0.20833333333333331,0,-0.20833333333333331,lost,NA,exoT_57662,57662,current_pos,exoT,0,existing,6
control_6,control,6,35,A,G,0.20833333333333331,0,-0.20833333333333331,lost,NA,exoT_57677,57677,current_pos,exoT,0,existing,6
control_6,control,6,36,GTTGGG,ATCGGC,0.20833333333333331,0,-0.20833333333333331,lost,NA,exoT_57682,57682,current_pos,exoT,0,existing,6
control_6,control,6,116,T,C,0,0,0,gain,NA,fusA_755892,755892,current_pos,fusA,0,gain,6
control_6,control,6,171,C,T,0,0,0,gain,NA,mutS_1502534,1502534,current_pos,mutS,0,gain,6
control_6,control,6,519,G,A,0,0,0,gain,NA,yscW_3778160,3778160,current_pos,yscW,0,gain,6
control_6,control,6,541,A,G,0,0,0,gain,NA,ffs_3974569,3974569,current_pos,ffs,0,gain,6
control_6,control,6,593,GGGT,ACGA,0,0,0,gain,NA,flgL_4474449,4474449,current_pos,flgL,0,gain,6
control_6,control,6,594,T,C,0,0,0,gain,NA,flgL_4474459,4474459,current_pos,flgL,0,gain,6
control_6,control,6,595,GCGCTTCAGG,ACGCCTCGGC,0,0,0,gain,NA,flgL_4474464,4474464,current_pos,flgL,0,gain,6
control_6,control,6,698,C,T,0,0,0,gain,NA,pilB_5234881,5234881,current_pos,pilB,0,gain,6
control_6,control,6,332,T,C,0.20833333333333331,0,-0.20833333333333331,lost,NA,pvdL_2920309,2920309,current_pos,pvdL,0,existing,6
control_6,control,6,336,GCCGT,GGT,0.20833333333333331,0,-0.20833333333333331,lost,NA,pvdL_2921233,2921233,current_pos,pvdL,0,existing,6
control_6,control,6,337,ACGCTGGTG,ATGCGTTGATC,0.20833333333333331,0,-0.20833333333333331,lost,NA,pvdL_2921240,2921240,current_pos,pvdL,0,existing,6
control_6,control,6,338,G,A,0.20833333333333331,0,-0.20833333333333331,lost,NA,pvdL_2921260,2921260,current_pos,pvdL,0,existing,6
mix_1,mix,1,40,C,T,0,0,0,gain,NA,tssH_107412,107412,current_pos,tssH,0,gain,7
mix_1,mix,1,117,C,T,0.29166666666666663,0,-0.29166666666666663,lost,NA,tuf_758238,758238,current_pos,tuf,0,existing,7
mix_1,mix,1,159,G,A,0.29166666666666663,0.3333333333333333,0.041666666666666685,existing,4,yejK_1215372,1215372,current_pos,yejK,0,existing,7
mix_1,mix,1,186,C,T,1,0,-1,lost,NA,ngg_1672382,1672382,current_pos,ngg,0,existing,7
mix_1,mix,1,269,C,T,0.875,0,-0.875,lost,NA,clpA_2618885,2618885,current_pos,clpA,0,existing,7
mix_1,mix,1,270,A,G,0.875,0,-0.875,lost,NA,clpA_2618891,2618891,current_pos,clpA,0,existing,7
mix_1,mix,1,324,CTA,CATA,0,0,0,gain,NA,gcvT_2892498,2892498,current_pos,gcvT,0,gain,7
mix_1,mix,1,592,T,C,0,0,0,gain,NA,flgL_4474444,4474444,current_pos,flgL,0,gain,7
mix_1,mix,1,597,G,C,0,0,0,gain,NA,flgL_4474498,4474498,current_pos,flgL,0,gain,7
mix_1,mix,1,635,A,T,0.875,0,-0.875,lost,NA,purN_4619114,4619114,current_pos,purN,0,existing,7
mix_1,mix,1,637,G,A,0.9166666666666666,0,-0.9166666666666666,lost,NA,astB_4668032,4668032,current_pos,astB,0,existing,7
mix_1,mix,1,693,C,A,0.08333333333333333,0,-0.08333333333333333,lost,NA,gatA_5178061,5178061,current_pos,gatA,0,existing,7
mix_1,mix,1,889,C,G,0.08333333333333333,0,-0.08333333333333333,lost,NA,hslU_5964694,5964694,current_pos,hslU,0,existing,7
mix_1,mix,1,959,G,A,0.9166666666666666,0,-0.9166666666666666,lost,NA,glmS_6517681,6517681,current_pos,glmS,0,existing,7
mix_1,mix,1,172,G,A,0,1,1,gain,3,mutS_1502681,1502681,current_pos,mutS,0,gain,7
mix_1,mix,1,264,T,C,0.9583333333333333,1,0.04166666666666674,existing,5,tssI_2545186,2545186,current_pos,tssI,0,existing,7
mix_1,mix,1,452,G,C,0.125,0.20833333333333331,0.08333333333333331,existing,4,glgX_3263638,3263638,current_pos,glgX,0,existing,7
mix_1,mix,1,605,A,C,0,1,1,gain,4,flgK_4476431,4476431,current_pos,flgK,0,gain,7
mix_1,mix,1,606,AGCG,GGCA,0,1,1,gain,5,flgK_4476443,4476443,current_pos,flgK,0,gain,7
mix_1,mix,1,607,GGTTGT,CGTCGC,0,1,1,gain,5,flgK_4476455,4476455,current_pos,flgK,0,gain,7
mix_1,mix,1,608,GCTG,CGCC,0,1,1,gain,5,flgK_4476470,4476470,current_pos,flgK,0,gain,7
mix_1,mix,1,689,TTGA,CTGG,0,1,1,gain,6,mreD_5174896,5174896,current_pos,mreD,0,gain,7
mix_1,mix,1,417,CCGG,ACGC,0,0,0,gain,NA,tssH_3022846,3022846,current_pos,tssH,0,gain,7
mix_1,mix,1,418,C,G,0,0,0,gain,NA,tssH_3022855,3022855,current_pos,tssH,0,gain,7
mix_1,mix,1,419,T,C,0,0,0,gain,NA,tssH_3022876,3022876,current_pos,tssH,0,gain,7
mix_1,mix,1,690,T,C,0,0,0,gain,NA,mreC_5174922,5174922,current_pos,mreC,0,gain,7
mix_1,mix,1,691,A,G,0,0,0,gain,NA,mreC_5174994,5174994,current_pos,mreC,0,gain,7
mix_1,mix,1,692,G,A,0,0,0,gain,NA,mreC_5175031,5175031,current_pos,mreC,0,gain,7
mix_1,mix,1,522,T,C,0.08333333333333333,0,-0.08333333333333333,lost,NA,tssC_3827848,3827848,current_pos,tssC,0,existing,7
mix_1,mix,1,598,A,G,0,0,0,gain,NA,flgK_4476188,4476188,current_pos,flgK,0,gain,7
mix_1,mix,1,599,GCAGC,TCAGG,0,0,0,gain,NA,flgK_4476196,4476196,current_pos,flgK,0,gain,7
mix_1,mix,1,600,G,A,0,0,0,gain,NA,flgK_4476206,4476206,current_pos,flgK,0,gain,7
mix_1,mix,1,601,ATAA,GTAG,0,0,0,gain,NA,flgK_4476221,4476221,current_pos,flgK,0,gain,7
mix_1,mix,1,909,CACC,AACG,0.08333333333333333,0,-0.08333333333333333,lost,NA,ntrC_6046334,6046334,current_pos,ntrC,0,existing,7
mix_1,mix,1,33,C,T,0.20833333333333331,0,-0.20833333333333331,lost,NA,exoT_57653,57653,current_pos,exoT,0,existing,7
mix_1,mix,1,34,C,G,0.20833333333333331,0,-0.20833333333333331,lost,NA,exoT_57662,57662,current_pos,exoT,0,existing,7
mix_1,mix,1,35,A,G,0.20833333333333331,0,-0.20833333333333331,lost,NA,exoT_57677,57677,current_pos,exoT,0,existing,7
mix_1,mix,1,36,GTTGGG,ATCGGC,0.20833333333333331,0,-0.20833333333333331,lost,NA,exoT_57682,57682,current_pos,exoT,0,existing,7
mix_1,mix,1,116,T,C,0,0,0,gain,NA,fusA_755892,755892,current_pos,fusA,0,gain,7
mix_1,mix,1,171,C,T,0,0,0,gain,NA,mutS_1502534,1502534,current_pos,mutS,0,gain,7
mix_1,mix,1,519,G,A,0,0,0,gain,NA,yscW_3778160,3778160,current_pos,yscW,0,gain,7
mix_1,mix,1,541,A,G,0,0,0,gain,NA,ffs_3974569,3974569,current_pos,ffs,0,gain,7
mix_1,mix,1,593,GGGT,ACGA,0,0,0,gain,NA,flgL_4474449,4474449,current_pos,flgL,0,gain,7
mix_1,mix,1,594,T,C,0,0,0,gain,NA,flgL_4474459,4474459,current_pos,flgL,0,gain,7
mix_1,mix,1,595,GCGCTTCAGG,ACGCCTCGGC,0,0,0,gain,NA,flgL_4474464,4474464,current_pos,flgL,0,gain,7
mix_1,mix,1,698,C,T,0,0,0,gain,NA,pilB_5234881,5234881,current_pos,pilB,0,gain,7
mix_1,mix,1,332,T,C,0.20833333333333331,0,-0.20833333333333331,lost,NA,pvdL_2920309,2920309,current_pos,pvdL,0,existing,7
mix_1,mix,1,336,GCCGT,GGT,0.20833333333333331,0,-0.20833333333333331,lost,NA,pvdL_2921233,2921233,current_pos,pvdL,0,existing,7
mix_1,mix,1,337,ACGCTGGTG,ATGCGTTGATC,0.20833333333333331,0,-0.20833333333333331,lost,NA,pvdL_2921240,2921240,current_pos,pvdL,0,existing,7
mix_1,mix,1,338,G,A,0.20833333333333331,0,-0.20833333333333331,lost,NA,pvdL_2921260,2921260,current_pos,pvdL,0,existing,7
mix_2,mix,2,40,C,T,0,0,0,gain,NA,tssH_107412,107412,current_pos,tssH,0,gain,8
mix_2,mix,2,117,C,T,0.29166666666666663,0,-0.29166666666666663,lost,NA,tuf_758238,758238,current_pos,tuf,0,existing,8
mix_2,mix,2,159,G,A,0.29166666666666663,0.3333333333333333,0.041666666666666685,existing,4,yejK_1215372,1215372,current_pos,yejK,0,existing,8
mix_2,mix,2,186,C,T,1,0,-1,lost,NA,ngg_1672382,1672382,current_pos,ngg,0,existing,8
mix_2,mix,2,269,C,T,0.875,0,-0.875,lost,NA,clpA_2618885,2618885,current_pos,clpA,0,existing,8
mix_2,mix,2,270,A,G,0.875,0,-0.875,lost,NA,clpA_2618891,2618891,current_pos,clpA,0,existing,8
mix_2,mix,2,324,CTA,CATA,0,0,0,gain,NA,gcvT_2892498,2892498,current_pos,gcvT,0,gain,8
mix_2,mix,2,592,T,C,0,0,0,gain,NA,flgL_4474444,4474444,current_pos,flgL,0,gain,8
mix_2,mix,2,597,G,C,0,0,0,gain,NA,flgL_4474498,4474498,current_pos,flgL,0,gain,8
mix_2,mix,2,635,A,T,0.875,0,-0.875,lost,NA,purN_4619114,4619114,current_pos,purN,0,existing,8
mix_2,mix,2,637,G,A,0.9166666666666666,0,-0.9166666666666666,lost,NA,astB_4668032,4668032,current_pos,astB,0,existing,8
mix_2,mix,2,693,C,A,0.08333333333333333,0,-0.08333333333333333,lost,NA,gatA_5178061,5178061,current_pos,gatA,0,existing,8
mix_2,mix,2,889,C,G,0.08333333333333333,0,-0.08333333333333333,lost,NA,hslU_5964694,5964694,current_pos,hslU,0,existing,8
mix_2,mix,2,959,G,A,0.9166666666666666,0,-0.9166666666666666,lost,NA,glmS_6517681,6517681,current_pos,glmS,0,existing,8
mix_2,mix,2,172,G,A,0,1,1,gain,3,mutS_1502681,1502681,current_pos,mutS,0,gain,8
mix_2,mix,2,264,T,C,0.9583333333333333,1,0.04166666666666674,existing,5,tssI_2545186,2545186,current_pos,tssI,0,existing,8
mix_2,mix,2,452,G,C,0.125,0.08333333333333333,-0.04166666666666667,existing,4,glgX_3263638,3263638,current_pos,glgX,0,existing,8
mix_2,mix,2,605,A,C,0,0,0,gain,NA,flgK_4476431,4476431,current_pos,flgK,0,gain,8
mix_2,mix,2,606,AGCG,GGCA,0,1,1,gain,5,flgK_4476443,4476443,current_pos,flgK,0,gain,8
mix_2,mix,2,607,GGTTGT,CGTCGC,0,1,1,gain,5,flgK_4476455,4476455,current_pos,flgK,0,gain,8
mix_2,mix,2,608,GCTG,CGCC,0,1,1,gain,5,flgK_4476470,4476470,current_pos,flgK,0,gain,8
mix_2,mix,2,689,TTGA,CTGG,0,1,1,gain,6,mreD_5174896,5174896,current_pos,mreD,0,gain,8
mix_2,mix,2,417,CCGG,ACGC,0,0.08333333333333333,0.08333333333333333,gain,4,tssH_3022846,3022846,current_pos,tssH,0,gain,8
mix_2,mix,2,418,C,G,0,0.08333333333333333,0.08333333333333333,gain,4,tssH_3022855,3022855,current_pos,tssH,0,gain,8
mix_2,mix,2,419,T,C,0,0.08333333333333333,0.08333333333333333,gain,4,tssH_3022876,3022876,current_pos,tssH,0,gain,8
mix_2,mix,2,690,T,C,0,1,1,gain,5,mreC_5174922,5174922,current_pos,mreC,0,gain,8
mix_2,mix,2,691,A,G,0,1,1,gain,5,mreC_5174994,5174994,current_pos,mreC,0,gain,8
mix_2,mix,2,692,G,A,0,1,1,gain,5,mreC_5175031,5175031,current_pos,mreC,0,gain,8
mix_2,mix,2,522,T,C,0.08333333333333333,0,-0.08333333333333333,lost,NA,tssC_3827848,3827848,current_pos,tssC,0,existing,8
mix_2,mix,2,598,A,G,0,0,0,gain,NA,flgK_4476188,4476188,current_pos,flgK,0,gain,8
mix_2,mix,2,599,GCAGC,TCAGG,0,0,0,gain,NA,flgK_4476196,4476196,current_pos,flgK,0,gain,8
mix_2,mix,2,600,G,A,0,0,0,gain,NA,flgK_4476206,4476206,current_pos,flgK,0,gain,8
mix_2,mix,2,601,ATAA,GTAG,0,0,0,gain,NA,flgK_4476221,4476221,current_pos,flgK,0,gain,8
mix_2,mix,2,909,CACC,AACG,0.08333333333333333,0,-0.08333333333333333,lost,NA,ntrC_6046334,6046334,current_pos,ntrC,0,existing,8
mix_2,mix,2,33,C,T,0.20833333333333331,0,-0.20833333333333331,lost,NA,exoT_57653,57653,current_pos,exoT,0,existing,8
mix_2,mix,2,34,C,G,0.20833333333333331,0,-0.20833333333333331,lost,NA,exoT_57662,57662,current_pos,exoT,0,existing,8
mix_2,mix,2,35,A,G,0.20833333333333331,0,-0.20833333333333331,lost,NA,exoT_57677,57677,current_pos,exoT,0,existing,8
mix_2,mix,2,36,GTTGGG,ATCGGC,0.20833333333333331,0,-0.20833333333333331,lost,NA,exoT_57682,57682,current_pos,exoT,0,existing,8
mix_2,mix,2,116,T,C,0,0,0,gain,NA,fusA_755892,755892,current_pos,fusA,0,gain,8
mix_2,mix,2,171,C,T,0,0,0,gain,NA,mutS_1502534,1502534,current_pos,mutS,0,gain,8
mix_2,mix,2,519,G,A,0,0,0,gain,NA,yscW_3778160,3778160,current_pos,yscW,0,gain,8
mix_2,mix,2,541,A,G,0,0,0,gain,NA,ffs_3974569,3974569,current_pos,ffs,0,gain,8
mix_2,mix,2,593,GGGT,ACGA,0,0,0,gain,NA,flgL_4474449,4474449,current_pos,flgL,0,gain,8
mix_2,mix,2,594,T,C,0,0,0,gain,NA,flgL_4474459,4474459,current_pos,flgL,0,gain,8
mix_2,mix,2,595,GCGCTTCAGG,ACGCCTCGGC,0,0,0,gain,NA,flgL_4474464,4474464,current_pos,flgL,0,gain,8
mix_2,mix,2,698,C,T,0,0,0,gain,NA,pilB_5234881,5234881,current_pos,pilB,0,gain,8
mix_2,mix,2,332,T,C,0.20833333333333331,0,-0.20833333333333331,lost,NA,pvdL_2920309,2920309,current_pos,pvdL,0,existing,8
mix_2,mix,2,336,GCCGT,GGT,0.20833333333333331,0,-0.20833333333333331,lost,NA,pvdL_2921233,2921233,current_pos,pvdL,0,existing,8
mix_2,mix,2,337,ACGCTGGTG,ATGCGTTGATC,0.20833333333333331,0,-0.20833333333333331,lost,NA,pvdL_2921240,2921240,current_pos,pvdL,0,existing,8
mix_2,mix,2,338,G,A,0.20833333333333331,0,-0.20833333333333331,lost,NA,pvdL_2921260,2921260,current_pos,pvdL,0,existing,8
mix_3,mix,3,40,C,T,0,0,0,gain,NA,tssH_107412,107412,current_pos,tssH,0,gain,9
mix_3,mix,3,117,C,T,0.29166666666666663,0,-0.29166666666666663,lost,NA,tuf_758238,758238,current_pos,tuf,0,existing,9
mix_3,mix,3,159,G,A,0.29166666666666663,0,-0.29166666666666663,lost,NA,yejK_1215372,1215372,current_pos,yejK,0,existing,9
mix_3,mix,3,186,C,T,1,0,-1,lost,NA,ngg_1672382,1672382,current_pos,ngg,0,existing,9
mix_3,mix,3,269,C,T,0.875,0,-0.875,lost,NA,clpA_2618885,2618885,current_pos,clpA,0,existing,9
mix_3,mix,3,270,A,G,0.875,0,-0.875,lost,NA,clpA_2618891,2618891,current_pos,clpA,0,existing,9
mix_3,mix,3,324,CTA,CATA,0,0,0,gain,NA,gcvT_2892498,2892498,current_pos,gcvT,0,gain,9
mix_3,mix,3,592,T,C,0,0,0,gain,NA,flgL_4474444,4474444,current_pos,flgL,0,gain,9
mix_3,mix,3,597,G,C,0,0,0,gain,NA,flgL_4474498,4474498,current_pos,flgL,0,gain,9
mix_3,mix,3,635,A,T,0.875,0,-0.875,lost,NA,purN_4619114,4619114,current_pos,purN,0,existing,9
mix_3,mix,3,637,G,A,0.9166666666666666,0,-0.9166666666666666,lost,NA,astB_4668032,4668032,current_pos,astB,0,existing,9
mix_3,mix,3,693,C,A,0.08333333333333333,0,-0.08333333333333333,lost,NA,gatA_5178061,5178061,current_pos,gatA,0,existing,9
mix_3,mix,3,889,C,G,0.08333333333333333,0,-0.08333333333333333,lost,NA,hslU_5964694,5964694,current_pos,hslU,0,existing,9
mix_3,mix,3,959,G,A,0.9166666666666666,0,-0.9166666666666666,lost,NA,glmS_6517681,6517681,current_pos,glmS,0,existing,9
mix_3,mix,3,172,G,A,0,0,0,gain,NA,mutS_1502681,1502681,current_pos,mutS,0,gain,9
mix_3,mix,3,264,T,C,0.9583333333333333,1,0.04166666666666674,existing,5,tssI_2545186,2545186,current_pos,tssI,0,existing,9
mix_3,mix,3,452,G,C,0.125,0,-0.125,lost,NA,glgX_3263638,3263638,current_pos,glgX,0,existing,9
mix_3,mix,3,605,A,C,0,1,1,gain,4,flgK_4476431,4476431,current_pos,flgK,0,gain,9
mix_3,mix,3,606,AGCG,GGCA,0,1,1,gain,5,flgK_4476443,4476443,current_pos,flgK,0,gain,9
mix_3,mix,3,607,GGTTGT,CGTCGC,0,1,1,gain,5,flgK_4476455,4476455,current_pos,flgK,0,gain,9
mix_3,mix,3,608,GCTG,CGCC,0,1,1,gain,5,flgK_4476470,4476470,current_pos,flgK,0,gain,9
mix_3,mix,3,689,TTGA,CTGG,0,1,1,gain,6,mreD_5174896,5174896,current_pos,mreD,0,gain,9
mix_3,mix,3,417,CCGG,ACGC,0,0.08333333333333333,0.08333333333333333,gain,4,tssH_3022846,3022846,current_pos,tssH,0,gain,9
mix_3,mix,3,418,C,G,0,0.08333333333333333,0.08333333333333333,gain,4,tssH_3022855,3022855,current_pos,tssH,0,gain,9
mix_3,mix,3,419,T,C,0,0.08333333333333333,0.08333333333333333,gain,4,tssH_3022876,3022876,current_pos,tssH,0,gain,9
mix_3,mix,3,690,T,C,0,1,1,gain,5,mreC_5174922,5174922,current_pos,mreC,0,gain,9
mix_3,mix,3,691,A,G,0,1,1,gain,5,mreC_5174994,5174994,current_pos,mreC,0,gain,9
mix_3,mix,3,692,G,A,0,1,1,gain,5,mreC_5175031,5175031,current_pos,mreC,0,gain,9
mix_3,mix,3,522,T,C,0.08333333333333333,0.125,0.04166666666666667,existing,4,tssC_3827848,3827848,current_pos,tssC,0,existing,9
mix_3,mix,3,598,A,G,0,1,1,gain,4,flgK_4476188,4476188,current_pos,flgK,0,gain,9
mix_3,mix,3,599,GCAGC,TCAGG,0,1,1,gain,4,flgK_4476196,4476196,current_pos,flgK,0,gain,9
mix_3,mix,3,600,G,A,0,1,1,gain,4,flgK_4476206,4476206,current_pos,flgK,0,gain,9
mix_3,mix,3,601,ATAA,GTAG,0,1,1,gain,4,flgK_4476221,4476221,current_pos,flgK,0,gain,9
mix_3,mix,3,909,CACC,AACG,0.08333333333333333,0.125,0.04166666666666667,existing,4,ntrC_6046334,6046334,current_pos,ntrC,0,existing,9
mix_3,mix,3,33,C,T,0.20833333333333331,0,-0.20833333333333331,lost,NA,exoT_57653,57653,current_pos,exoT,0,existing,9
mix_3,mix,3,34,C,G,0.20833333333333331,0,-0.20833333333333331,lost,NA,exoT_57662,57662,current_pos,exoT,0,existing,9
mix_3,mix,3,35,A,G,0.20833333333333331,0,-0.20833333333333331,lost,NA,exoT_57677,57677,current_pos,exoT,0,existing,9
mix_3,mix,3,36,GTTGGG,ATCGGC,0.20833333333333331,0,-0.20833333333333331,lost,NA,exoT_57682,57682,current_pos,exoT,0,existing,9
mix_3,mix,3,116,T,C,0,0,0,gain,NA,fusA_755892,755892,current_pos,fusA,0,gain,9
mix_3,mix,3,171,C,T,0,0,0,gain,NA,mutS_1502534,1502534,current_pos,mutS,0,gain,9
mix_3,mix,3,519,G,A,0,0,0,gain,NA,yscW_3778160,3778160,current_pos,yscW,0,gain,9
mix_3,mix,3,541,A,G,0,0,0,gain,NA,ffs_3974569,3974569,current_pos,ffs,0,gain,9
mix_3,mix,3,593,GGGT,ACGA,0,0,0,gain,NA,flgL_4474449,4474449,current_pos,flgL,0,gain,9
mix_3,mix,3,594,T,C,0,0,0,gain,NA,flgL_4474459,4474459,current_pos,flgL,0,gain,9
mix_3,mix,3,595,GCGCTTCAGG,ACGCCTCGGC,0,0,0,gain,NA,flgL_4474464,4474464,current_pos,flgL,0,gain,9
mix_3,mix,3,698,C,T,0,0,0,gain,NA,pilB_5234881,5234881,current_pos,pilB,0,gain,9
mix_3,mix,3,332,T,C,0.20833333333333331,0,-0.20833333333333331,lost,NA,pvdL_2920309,2920309,current_pos,pvdL,0,existing,9
mix_3,mix,3,336,GCCGT,GGT,0.20833333333333331,0,-0.20833333333333331,lost,NA,pvdL_2921233,2921233,current_pos,pvdL,0,existing,9
mix_3,mix,3,337,ACGCTGGTG,ATGCGTTGATC,0.20833333333333331,0,-0.20833333333333331,lost,NA,pvdL_2921240,2921240,current_pos,pvdL,0,existing,9
mix_3,mix,3,338,G,A,0.20833333333333331,0,-0.20833333333333331,lost,NA,pvdL_2921260,2921260,current_pos,pvdL,0,existing,9
mix_4,mix,4,40,C,T,0,0,0,gain,NA,tssH_107412,107412,current_pos,tssH,0,gain,10
mix_4,mix,4,117,C,T,0.29166666666666663,0,-0.29166666666666663,lost,NA,tuf_758238,758238,current_pos,tuf,0,existing,10
mix_4,mix,4,159,G,A,0.29166666666666663,0.3333333333333333,0.041666666666666685,existing,4,yejK_1215372,1215372,current_pos,yejK,0,existing,10
mix_4,mix,4,186,C,T,1,0,-1,lost,NA,ngg_1672382,1672382,current_pos,ngg,0,existing,10
mix_4,mix,4,269,C,T,0.875,0,-0.875,lost,NA,clpA_2618885,2618885,current_pos,clpA,0,existing,10
mix_4,mix,4,270,A,G,0.875,0,-0.875,lost,NA,clpA_2618891,2618891,current_pos,clpA,0,existing,10
mix_4,mix,4,324,CTA,CATA,0,0,0,gain,NA,gcvT_2892498,2892498,current_pos,gcvT,0,gain,10
mix_4,mix,4,592,T,C,0,0,0,gain,NA,flgL_4474444,4474444,current_pos,flgL,0,gain,10
mix_4,mix,4,597,G,C,0,0,0,gain,NA,flgL_4474498,4474498,current_pos,flgL,0,gain,10
mix_4,mix,4,635,A,T,0.875,0,-0.875,lost,NA,purN_4619114,4619114,current_pos,purN,0,existing,10
mix_4,mix,4,637,G,A,0.9166666666666666,0,-0.9166666666666666,lost,NA,astB_4668032,4668032,current_pos,astB,0,existing,10
mix_4,mix,4,693,C,A,0.08333333333333333,0,-0.08333333333333333,lost,NA,gatA_5178061,5178061,current_pos,gatA,0,existing,10
mix_4,mix,4,889,C,G,0.08333333333333333,0,-0.08333333333333333,lost,NA,hslU_5964694,5964694,current_pos,hslU,0,existing,10
mix_4,mix,4,959,G,A,0.9166666666666666,0,-0.9166666666666666,lost,NA,glmS_6517681,6517681,current_pos,glmS,0,existing,10
mix_4,mix,4,172,G,A,0,1,1,gain,3,mutS_1502681,1502681,current_pos,mutS,0,gain,10
mix_4,mix,4,264,T,C,0.9583333333333333,0,-0.9583333333333333,lost,NA,tssI_2545186,2545186,current_pos,tssI,0,existing,10
mix_4,mix,4,452,G,C,0.125,0,-0.125,lost,NA,glgX_3263638,3263638,current_pos,glgX,0,existing,10
mix_4,mix,4,605,A,C,0,1,1,gain,4,flgK_4476431,4476431,current_pos,flgK,0,gain,10
mix_4,mix,4,606,AGCG,GGCA,0,1,1,gain,5,flgK_4476443,4476443,current_pos,flgK,0,gain,10
mix_4,mix,4,607,GGTTGT,CGTCGC,0,1,1,gain,5,flgK_4476455,4476455,current_pos,flgK,0,gain,10
mix_4,mix,4,608,GCTG,CGCC,0,1,1,gain,5,flgK_4476470,4476470,current_pos,flgK,0,gain,10
mix_4,mix,4,689,TTGA,CTGG,0,1,1,gain,6,mreD_5174896,5174896,current_pos,mreD,0,gain,10
mix_4,mix,4,417,CCGG,ACGC,0,0.08333333333333333,0.08333333333333333,gain,4,tssH_3022846,3022846,current_pos,tssH,0,gain,10
mix_4,mix,4,418,C,G,0,0.08333333333333333,0.08333333333333333,gain,4,tssH_3022855,3022855,current_pos,tssH,0,gain,10
mix_4,mix,4,419,T,C,0,0.08333333333333333,0.08333333333333333,gain,4,tssH_3022876,3022876,current_pos,tssH,0,gain,10
mix_4,mix,4,690,T,C,0,1,1,gain,5,mreC_5174922,5174922,current_pos,mreC,0,gain,10
mix_4,mix,4,691,A,G,0,1,1,gain,5,mreC_5174994,5174994,current_pos,mreC,0,gain,10
mix_4,mix,4,692,G,A,0,1,1,gain,5,mreC_5175031,5175031,current_pos,mreC,0,gain,10
mix_4,mix,4,522,T,C,0.08333333333333333,0.16666666666666666,0.08333333333333333,existing,4,tssC_3827848,3827848,current_pos,tssC,0,existing,10
mix_4,mix,4,598,A,G,0,1,1,gain,4,flgK_4476188,4476188,current_pos,flgK,0,gain,10
mix_4,mix,4,599,GCAGC,TCAGG,0,1,1,gain,4,flgK_4476196,4476196,current_pos,flgK,0,gain,10
mix_4,mix,4,600,G,A,0,1,1,gain,4,flgK_4476206,4476206,current_pos,flgK,0,gain,10
mix_4,mix,4,601,ATAA,GTAG,0,1,1,gain,4,flgK_4476221,4476221,current_pos,flgK,0,gain,10
mix_4,mix,4,909,CACC,AACG,0.08333333333333333,0.16666666666666666,0.08333333333333333,existing,4,ntrC_6046334,6046334,current_pos,ntrC,0,existing,10
mix_4,mix,4,33,C,T,0.20833333333333331,0,-0.20833333333333331,lost,NA,exoT_57653,57653,current_pos,exoT,0,existing,10
mix_4,mix,4,34,C,G,0.20833333333333331,0,-0.20833333333333331,lost,NA,exoT_57662,57662,current_pos,exoT,0,existing,10
mix_4,mix,4,35,A,G,0.20833333333333331,0,-0.20833333333333331,lost,NA,exoT_57677,57677,current_pos,exoT,0,existing,10
mix_4,mix,4,36,GTTGGG,ATCGGC,0.20833333333333331,0,-0.20833333333333331,lost,NA,exoT_57682,57682,current_pos,exoT,0,existing,10
mix_4,mix,4,116,T,C,0,0,0,gain,NA,fusA_755892,755892,current_pos,fusA,0,gain,10
mix_4,mix,4,171,C,T,0,0,0,gain,NA,mutS_1502534,1502534,current_pos,mutS,0,gain,10
mix_4,mix,4,519,G,A,0,0,0,gain,NA,yscW_3778160,3778160,current_pos,yscW,0,gain,10
mix_4,mix,4,541,A,G,0,0,0,gain,NA,ffs_3974569,3974569,current_pos,ffs,0,gain,10
mix_4,mix,4,593,GGGT,ACGA,0,0,0,gain,NA,flgL_4474449,4474449,current_pos,flgL,0,gain,10
mix_4,mix,4,594,T,C,0,0,0,gain,NA,flgL_4474459,4474459,current_pos,flgL,0,gain,10
mix_4,mix,4,595,GCGCTTCAGG,ACGCCTCGGC,0,0,0,gain,NA,flgL_4474464,4474464,current_pos,flgL,0,gain,10
mix_4,mix,4,698,C,T,0,0,0,gain,NA,pilB_5234881,5234881,current_pos,pilB,0,gain,10
mix_4,mix,4,332,T,C,0.20833333333333331,0,-0.20833333333333331,lost,NA,pvdL_2920309,2920309,current_pos,pvdL,0,existing,10
mix_4,mix,4,336,GCCGT,GGT,0.20833333333333331,0,-0.20833333333333331,lost,NA,pvdL_2921233,2921233,current_pos,pvdL,0,existing,10
mix_4,mix,4,337,ACGCTGGTG,ATGCGTTGATC,0.20833333333333331,0,-0.20833333333333331,lost,NA,pvdL_2921240,2921240,current_pos,pvdL,0,existing,10
mix_4,mix,4,338,G,A,0.20833333333333331,0,-0.20833333333333331,lost,NA,pvdL_2921260,2921260,current_pos,pvdL,0,existing,10
mix_5,mix,5,40,C,T,0,0,0,gain,NA,tssH_107412,107412,current_pos,tssH,0,gain,11
mix_5,mix,5,117,C,T,0.29166666666666663,0,-0.29166666666666663,lost,NA,tuf_758238,758238,current_pos,tuf,0,existing,11
mix_5,mix,5,159,G,A,0.29166666666666663,0,-0.29166666666666663,lost,NA,yejK_1215372,1215372,current_pos,yejK,0,existing,11
mix_5,mix,5,186,C,T,1,0,-1,lost,NA,ngg_1672382,1672382,current_pos,ngg,0,existing,11
mix_5,mix,5,269,C,T,0.875,0,-0.875,lost,NA,clpA_2618885,2618885,current_pos,clpA,0,existing,11
mix_5,mix,5,270,A,G,0.875,0,-0.875,lost,NA,clpA_2618891,2618891,current_pos,clpA,0,existing,11
mix_5,mix,5,324,CTA,CATA,0,0,0,gain,NA,gcvT_2892498,2892498,current_pos,gcvT,0,gain,11
mix_5,mix,5,592,T,C,0,0,0,gain,NA,flgL_4474444,4474444,current_pos,flgL,0,gain,11
mix_5,mix,5,597,G,C,0,0,0,gain,NA,flgL_4474498,4474498,current_pos,flgL,0,gain,11
mix_5,mix,5,635,A,T,0.875,0,-0.875,lost,NA,purN_4619114,4619114,current_pos,purN,0,existing,11
mix_5,mix,5,637,G,A,0.9166666666666666,0,-0.9166666666666666,lost,NA,astB_4668032,4668032,current_pos,astB,0,existing,11
mix_5,mix,5,693,C,A,0.08333333333333333,0,-0.08333333333333333,lost,NA,gatA_5178061,5178061,current_pos,gatA,0,existing,11
mix_5,mix,5,889,C,G,0.08333333333333333,0,-0.08333333333333333,lost,NA,hslU_5964694,5964694,current_pos,hslU,0,existing,11
mix_5,mix,5,959,G,A,0.9166666666666666,0,-0.9166666666666666,lost,NA,glmS_6517681,6517681,current_pos,glmS,0,existing,11
mix_5,mix,5,172,G,A,0,0,0,gain,NA,mutS_1502681,1502681,current_pos,mutS,0,gain,11
mix_5,mix,5,264,T,C,0.9583333333333333,1,0.04166666666666674,existing,5,tssI_2545186,2545186,current_pos,tssI,0,existing,11
mix_5,mix,5,452,G,C,0.125,0.08333333333333333,-0.04166666666666667,existing,4,glgX_3263638,3263638,current_pos,glgX,0,existing,11
mix_5,mix,5,605,A,C,0,0,0,gain,NA,flgK_4476431,4476431,current_pos,flgK,0,gain,11
mix_5,mix,5,606,AGCG,GGCA,0,0,0,gain,NA,flgK_4476443,4476443,current_pos,flgK,0,gain,11
mix_5,mix,5,607,GGTTGT,CGTCGC,0,0,0,gain,NA,flgK_4476455,4476455,current_pos,flgK,0,gain,11
mix_5,mix,5,608,GCTG,CGCC,0,0,0,gain,NA,flgK_4476470,4476470,current_pos,flgK,0,gain,11
mix_5,mix,5,689,TTGA,CTGG,0,1,1,gain,6,mreD_5174896,5174896,current_pos,mreD,0,gain,11
mix_5,mix,5,417,CCGG,ACGC,0,0,0,gain,NA,tssH_3022846,3022846,current_pos,tssH,0,gain,11
mix_5,mix,5,418,C,G,0,0,0,gain,NA,tssH_3022855,3022855,current_pos,tssH,0,gain,11
mix_5,mix,5,419,T,C,0,0,0,gain,NA,tssH_3022876,3022876,current_pos,tssH,0,gain,11
mix_5,mix,5,690,T,C,0,1,1,gain,5,mreC_5174922,5174922,current_pos,mreC,0,gain,11
mix_5,mix,5,691,A,G,0,1,1,gain,5,mreC_5174994,5174994,current_pos,mreC,0,gain,11
mix_5,mix,5,692,G,A,0,1,1,gain,5,mreC_5175031,5175031,current_pos,mreC,0,gain,11
mix_5,mix,5,522,T,C,0.08333333333333333,0.125,0.04166666666666667,existing,4,tssC_3827848,3827848,current_pos,tssC,0,existing,11
mix_5,mix,5,598,A,G,0,1,1,gain,4,flgK_4476188,4476188,current_pos,flgK,0,gain,11
mix_5,mix,5,599,GCAGC,TCAGG,0,1,1,gain,4,flgK_4476196,4476196,current_pos,flgK,0,gain,11
mix_5,mix,5,600,G,A,0,1,1,gain,4,flgK_4476206,4476206,current_pos,flgK,0,gain,11
mix_5,mix,5,601,ATAA,GTAG,0,1,1,gain,4,flgK_4476221,4476221,current_pos,flgK,0,gain,11
mix_5,mix,5,909,CACC,AACG,0.08333333333333333,0.125,0.04166666666666667,existing,4,ntrC_6046334,6046334,current_pos,ntrC,0,existing,11
mix_5,mix,5,33,C,T,0.20833333333333331,0,-0.20833333333333331,lost,NA,exoT_57653,57653,current_pos,exoT,0,existing,11
mix_5,mix,5,34,C,G,0.20833333333333331,0,-0.20833333333333331,lost,NA,exoT_57662,57662,current_pos,exoT,0,existing,11
mix_5,mix,5,35,A,G,0.20833333333333331,0,-0.20833333333333331,lost,NA,exoT_57677,57677,current_pos,exoT,0,existing,11
mix_5,mix,5,36,GTTGGG,ATCGGC,0.20833333333333331,0,-0.20833333333333331,lost,NA,exoT_57682,57682,current_pos,exoT,0,existing,11
mix_5,mix,5,116,T,C,0,0,0,gain,NA,fusA_755892,755892,current_pos,fusA,0,gain,11
mix_5,mix,5,171,C,T,0,0,0,gain,NA,mutS_1502534,1502534,current_pos,mutS,0,gain,11
mix_5,mix,5,519,G,A,0,0,0,gain,NA,yscW_3778160,3778160,current_pos,yscW,0,gain,11
mix_5,mix,5,541,A,G,0,0,0,gain,NA,ffs_3974569,3974569,current_pos,ffs,0,gain,11
mix_5,mix,5,593,GGGT,ACGA,0,0,0,gain,NA,flgL_4474449,4474449,current_pos,flgL,0,gain,11
mix_5,mix,5,594,T,C,0,0,0,gain,NA,flgL_4474459,4474459,current_pos,flgL,0,gain,11
mix_5,mix,5,595,GCGCTTCAGG,ACGCCTCGGC,0,0,0,gain,NA,flgL_4474464,4474464,current_pos,flgL,0,gain,11
mix_5,mix,5,698,C,T,0,0,0,gain,NA,pilB_5234881,5234881,current_pos,pilB,0,gain,11
mix_5,mix,5,332,T,C,0.20833333333333331,0,-0.20833333333333331,lost,NA,pvdL_2920309,2920309,current_pos,pvdL,0,existing,11
mix_5,mix,5,336,GCCGT,GGT,0.20833333333333331,0,-0.20833333333333331,lost,NA,pvdL_2921233,2921233,current_pos,pvdL,0,existing,11
mix_5,mix,5,337,ACGCTGGTG,ATGCGTTGATC,0.20833333333333331,0,-0.20833333333333331,lost,NA,pvdL_2921240,2921240,current_pos,pvdL,0,existing,11
mix_5,mix,5,338,G,A,0.20833333333333331,0,-0.20833333333333331,lost,NA,pvdL_2921260,2921260,current_pos,pvdL,0,existing,11
mix_6,mix,6,40,C,T,0,0,0,gain,NA,tssH_107412,107412,current_pos,tssH,0,gain,12
mix_6,mix,6,117,C,T,0.29166666666666663,0,-0.29166666666666663,lost,NA,tuf_758238,758238,current_pos,tuf,0,existing,12
mix_6,mix,6,159,G,A,0.29166666666666663,0.3333333333333333,0.041666666666666685,existing,4,yejK_1215372,1215372,current_pos,yejK,0,existing,12
mix_6,mix,6,186,C,T,1,0,-1,lost,NA,ngg_1672382,1672382,current_pos,ngg,0,existing,12
mix_6,mix,6,269,C,T,0.875,0,-0.875,lost,NA,clpA_2618885,2618885,current_pos,clpA,0,existing,12
mix_6,mix,6,270,A,G,0.875,0,-0.875,lost,NA,clpA_2618891,2618891,current_pos,clpA,0,existing,12
mix_6,mix,6,324,CTA,CATA,0,0,0,gain,NA,gcvT_2892498,2892498,current_pos,gcvT,0,gain,12
mix_6,mix,6,592,T,C,0,0,0,gain,NA,flgL_4474444,4474444,current_pos,flgL,0,gain,12
mix_6,mix,6,597,G,C,0,0,0,gain,NA,flgL_4474498,4474498,current_pos,flgL,0,gain,12
mix_6,mix,6,635,A,T,0.875,0,-0.875,lost,NA,purN_4619114,4619114,current_pos,purN,0,existing,12
mix_6,mix,6,637,G,A,0.9166666666666666,0,-0.9166666666666666,lost,NA,astB_4668032,4668032,current_pos,astB,0,existing,12
mix_6,mix,6,693,C,A,0.08333333333333333,0,-0.08333333333333333,lost,NA,gatA_5178061,5178061,current_pos,gatA,0,existing,12
mix_6,mix,6,889,C,G,0.08333333333333333,0,-0.08333333333333333,lost,NA,hslU_5964694,5964694,current_pos,hslU,0,existing,12
mix_6,mix,6,959,G,A,0.9166666666666666,0,-0.9166666666666666,lost,NA,glmS_6517681,6517681,current_pos,glmS,0,existing,12
mix_6,mix,6,172,G,A,0,0,0,gain,NA,mutS_1502681,1502681,current_pos,mutS,0,gain,12
mix_6,mix,6,264,T,C,0.9583333333333333,1,0.04166666666666674,existing,5,tssI_2545186,2545186,current_pos,tssI,0,existing,12
mix_6,mix,6,452,G,C,0.125,0.08333333333333333,-0.04166666666666667,existing,4,glgX_3263638,3263638,current_pos,glgX,0,existing,12
mix_6,mix,6,605,A,C,0,1,1,gain,4,flgK_4476431,4476431,current_pos,flgK,0,gain,12
mix_6,mix,6,606,AGCG,GGCA,0,1,1,gain,5,flgK_4476443,4476443,current_pos,flgK,0,gain,12
mix_6,mix,6,607,GGTTGT,CGTCGC,0,1,1,gain,5,flgK_4476455,4476455,current_pos,flgK,0,gain,12
mix_6,mix,6,608,GCTG,CGCC,0,1,1,gain,5,flgK_4476470,4476470,current_pos,flgK,0,gain,12
mix_6,mix,6,689,TTGA,CTGG,0,1,1,gain,6,mreD_5174896,5174896,current_pos,mreD,0,gain,12
mix_6,mix,6,417,CCGG,ACGC,0,0.08333333333333333,0.08333333333333333,gain,4,tssH_3022846,3022846,current_pos,tssH,0,gain,12
mix_6,mix,6,418,C,G,0,0.08333333333333333,0.08333333333333333,gain,4,tssH_3022855,3022855,current_pos,tssH,0,gain,12
mix_6,mix,6,419,T,C,0,0.08333333333333333,0.08333333333333333,gain,4,tssH_3022876,3022876,current_pos,tssH,0,gain,12
mix_6,mix,6,690,T,C,0,1,1,gain,5,mreC_5174922,5174922,current_pos,mreC,0,gain,12
mix_6,mix,6,691,A,G,0,1,1,gain,5,mreC_5174994,5174994,current_pos,mreC,0,gain,12
mix_6,mix,6,692,G,A,0,1,1,gain,5,mreC_5175031,5175031,current_pos,mreC,0,gain,12
mix_6,mix,6,522,T,C,0.08333333333333333,0.125,0.04166666666666667,existing,4,tssC_3827848,3827848,current_pos,tssC,0,existing,12
mix_6,mix,6,598,A,G,0,1,1,gain,4,flgK_4476188,4476188,current_pos,flgK,0,gain,12
mix_6,mix,6,599,GCAGC,TCAGG,0,1,1,gain,4,flgK_4476196,4476196,current_pos,flgK,0,gain,12
mix_6,mix,6,600,G,A,0,1,1,gain,4,flgK_4476206,4476206,current_pos,flgK,0,gain,12
mix_6,mix,6,601,ATAA,GTAG,0,1,1,gain,4,flgK_4476221,4476221,current_pos,flgK,0,gain,12
mix_6,mix,6,909,CACC,AACG,0.08333333333333333,0.16666666666666666,0.08333333333333333,existing,4,ntrC_6046334,6046334,current_pos,ntrC,0,existing,12
mix_6,mix,6,33,C,T,0.20833333333333331,0,-0.20833333333333331,lost,NA,exoT_57653,57653,current_pos,exoT,0,existing,12
mix_6,mix,6,34,C,G,0.20833333333333331,0,-0.20833333333333331,lost,NA,exoT_57662,57662,current_pos,exoT,0,existing,12
mix_6,mix,6,35,A,G,0.20833333333333331,0,-0.20833333333333331,lost,NA,exoT_57677,57677,current_pos,exoT,0,existing,12
mix_6,mix,6,36,GTTGGG,ATCGGC,0.20833333333333331,0,-0.20833333333333331,lost,NA,exoT_57682,57682,current_pos,exoT,0,existing,12
mix_6,mix,6,116,T,C,0,0,0,gain,NA,fusA_755892,755892,current_pos,fusA,0,gain,12
mix_6,mix,6,171,C,T,0,0,0,gain,NA,mutS_1502534,1502534,current_pos,mutS,0,gain,12
mix_6,mix,6,519,G,A,0,0,0,gain,NA,yscW_3778160,3778160,current_pos,yscW,0,gain,12
mix_6,mix,6,541,A,G,0,0,0,gain,NA,ffs_3974569,3974569,current_pos,ffs,0,gain,12
mix_6,mix,6,593,GGGT,ACGA,0,0,0,gain,NA,flgL_4474449,4474449,current_pos,flgL,0,gain,12
mix_6,mix,6,594,T,C,0,0,0,gain,NA,flgL_4474459,4474459,current_pos,flgL,0,gain,12
mix_6,mix,6,595,GCGCTTCAGG,ACGCCTCGGC,0,0,0,gain,NA,flgL_4474464,4474464,current_pos,flgL,0,gain,12
mix_6,mix,6,698,C,T,0,0,0,gain,NA,pilB_5234881,5234881,current_pos,pilB,0,gain,12
mix_6,mix,6,332,T,C,0.20833333333333331,0,-0.20833333333333331,lost,NA,pvdL_2920309,2920309,current_pos,pvdL,0,existing,12
mix_6,mix,6,336,GCCGT,GGT,0.20833333333333331,0,-0.20833333333333331,lost,NA,pvdL_2921233,2921233,current_pos,pvdL,0,existing,12
mix_6,mix,6,337,ACGCTGGTG,ATGCGTTGATC,0.20833333333333331,0,-0.20833333333333331,lost,NA,pvdL_2921240,2921240,current_pos,pvdL,0,existing,12
mix_6,mix,6,338,G,A,0.20833333333333331,0,-0.20833333333333331,lost,NA,pvdL_2921260,2921260,current_pos,pvdL,0,existing,12
mix.add_1,mix.add,1,40,C,T,0,1,1,gain,6,tssH_107412,107412,current_pos,tssH,0,gain,13
mix.add_1,mix.add,1,117,C,T,0.29166666666666663,0,-0.29166666666666663,lost,NA,tuf_758238,758238,current_pos,tuf,0,existing,13
mix.add_1,mix.add,1,159,G,A,0.29166666666666663,0.3333333333333333,0.041666666666666685,existing,6,yejK_1215372,1215372,current_pos,yejK,0,existing,13
mix.add_1,mix.add,1,186,C,T,1,0,-1,lost,NA,ngg_1672382,1672382,current_pos,ngg,0,existing,13
mix.add_1,mix.add,1,269,C,T,0.875,0.8333333333333333,-0.04166666666666674,existing,6,clpA_2618885,2618885,current_pos,clpA,0,existing,13
mix.add_1,mix.add,1,270,A,G,0.875,0.8333333333333333,-0.04166666666666674,existing,6,clpA_2618891,2618891,current_pos,clpA,0,existing,13
mix.add_1,mix.add,1,324,CTA,CATA,0,0,0,gain,NA,gcvT_2892498,2892498,current_pos,gcvT,0,gain,13
mix.add_1,mix.add,1,592,T,C,0,1,1,gain,6,flgL_4474444,4474444,current_pos,flgL,0,gain,13
mix.add_1,mix.add,1,597,G,C,0,1,1,gain,6,flgL_4474498,4474498,current_pos,flgL,0,gain,13
mix.add_1,mix.add,1,635,A,T,0.875,0,-0.875,lost,NA,purN_4619114,4619114,current_pos,purN,0,existing,13
mix.add_1,mix.add,1,637,G,A,0.9166666666666666,0,-0.9166666666666666,lost,NA,astB_4668032,4668032,current_pos,astB,0,existing,13
mix.add_1,mix.add,1,693,C,A,0.08333333333333333,0.16666666666666666,0.08333333333333333,existing,6,gatA_5178061,5178061,current_pos,gatA,0,existing,13
mix.add_1,mix.add,1,889,C,G,0.08333333333333333,0,-0.08333333333333333,lost,NA,hslU_5964694,5964694,current_pos,hslU,0,existing,13
mix.add_1,mix.add,1,959,G,A,0.9166666666666666,0,-0.9166666666666666,lost,NA,glmS_6517681,6517681,current_pos,glmS,0,existing,13
mix.add_1,mix.add,1,172,G,A,0,1,1,gain,6,mutS_1502681,1502681,current_pos,mutS,0,gain,13
mix.add_1,mix.add,1,264,T,C,0.9583333333333333,0,-0.9583333333333333,lost,NA,tssI_2545186,2545186,current_pos,tssI,0,existing,13
mix.add_1,mix.add,1,452,G,C,0.125,0.20833333333333331,0.08333333333333331,existing,6,glgX_3263638,3263638,current_pos,glgX,0,existing,13
mix.add_1,mix.add,1,605,A,C,0,1,1,gain,6,flgK_4476431,4476431,current_pos,flgK,0,gain,13
mix.add_1,mix.add,1,606,AGCG,GGCA,0,1,1,gain,6,flgK_4476443,4476443,current_pos,flgK,0,gain,13
mix.add_1,mix.add,1,607,GGTTGT,CGTCGC,0,1,1,gain,6,flgK_4476455,4476455,current_pos,flgK,0,gain,13
mix.add_1,mix.add,1,608,GCTG,CGCC,0,1,1,gain,6,flgK_4476470,4476470,current_pos,flgK,0,gain,13
mix.add_1,mix.add,1,689,TTGA,CTGG,0,1,1,gain,6,mreD_5174896,5174896,current_pos,mreD,0,gain,13
mix.add_1,mix.add,1,417,CCGG,ACGC,0,0,0,gain,NA,tssH_3022846,3022846,current_pos,tssH,0,gain,13
mix.add_1,mix.add,1,418,C,G,0,0,0,gain,NA,tssH_3022855,3022855,current_pos,tssH,0,gain,13
mix.add_1,mix.add,1,419,T,C,0,0,0,gain,NA,tssH_3022876,3022876,current_pos,tssH,0,gain,13
mix.add_1,mix.add,1,690,T,C,0,1,1,gain,6,mreC_5174922,5174922,current_pos,mreC,0,gain,13
mix.add_1,mix.add,1,691,A,G,0,1,1,gain,6,mreC_5174994,5174994,current_pos,mreC,0,gain,13
mix.add_1,mix.add,1,692,G,A,0,1,1,gain,6,mreC_5175031,5175031,current_pos,mreC,0,gain,13
mix.add_1,mix.add,1,522,T,C,0.08333333333333333,0.125,0.04166666666666667,existing,5,tssC_3827848,3827848,current_pos,tssC,0,existing,13
mix.add_1,mix.add,1,598,A,G,0,0,0,gain,NA,flgK_4476188,4476188,current_pos,flgK,0,gain,13
mix.add_1,mix.add,1,599,GCAGC,TCAGG,0,0,0,gain,NA,flgK_4476196,4476196,current_pos,flgK,0,gain,13
mix.add_1,mix.add,1,600,G,A,0,0,0,gain,NA,flgK_4476206,4476206,current_pos,flgK,0,gain,13
mix.add_1,mix.add,1,601,ATAA,GTAG,0,0,0,gain,NA,flgK_4476221,4476221,current_pos,flgK,0,gain,13
mix.add_1,mix.add,1,909,CACC,AACG,0.08333333333333333,0.125,0.04166666666666667,existing,5,ntrC_6046334,6046334,current_pos,ntrC,0,existing,13
mix.add_1,mix.add,1,33,C,T,0.20833333333333331,0.08333333333333333,-0.12499999999999999,existing,4,exoT_57653,57653,current_pos,exoT,0,existing,13
mix.add_1,mix.add,1,34,C,G,0.20833333333333331,0.08333333333333333,-0.12499999999999999,existing,4,exoT_57662,57662,current_pos,exoT,0,existing,13
mix.add_1,mix.add,1,35,A,G,0.20833333333333331,0.08333333333333333,-0.12499999999999999,existing,5,exoT_57677,57677,current_pos,exoT,0,existing,13
mix.add_1,mix.add,1,36,GTTGGG,ATCGGC,0.20833333333333331,0.125,-0.08333333333333331,existing,4,exoT_57682,57682,current_pos,exoT,0,existing,13
mix.add_1,mix.add,1,116,T,C,0,1,1,gain,6,fusA_755892,755892,current_pos,fusA,0,gain,13
mix.add_1,mix.add,1,171,C,T,0,1,1,gain,6,mutS_1502534,1502534,current_pos,mutS,0,gain,13
mix.add_1,mix.add,1,519,G,A,0,1,1,gain,4,yscW_3778160,3778160,current_pos,yscW,0,gain,13
mix.add_1,mix.add,1,541,A,G,0,1,1,gain,4,ffs_3974569,3974569,current_pos,ffs,0,gain,13
mix.add_1,mix.add,1,593,GGGT,ACGA,0,1,1,gain,6,flgL_4474449,4474449,current_pos,flgL,0,gain,13
mix.add_1,mix.add,1,594,T,C,0,1,1,gain,6,flgL_4474459,4474459,current_pos,flgL,0,gain,13
mix.add_1,mix.add,1,595,GCGCTTCAGG,ACGCCTCGGC,0,1,1,gain,6,flgL_4474464,4474464,current_pos,flgL,0,gain,13
mix.add_1,mix.add,1,698,C,T,0,1,1,gain,5,pilB_5234881,5234881,current_pos,pilB,0,gain,13
mix.add_1,mix.add,1,332,T,C,0.20833333333333331,0,-0.20833333333333331,lost,NA,pvdL_2920309,2920309,current_pos,pvdL,0,existing,13
mix.add_1,mix.add,1,336,GCCGT,GGT,0.20833333333333331,0,-0.20833333333333331,lost,NA,pvdL_2921233,2921233,current_pos,pvdL,0,existing,13
mix.add_1,mix.add,1,337,ACGCTGGTG,ATGCGTTGATC,0.20833333333333331,0,-0.20833333333333331,lost,NA,pvdL_2921240,2921240,current_pos,pvdL,0,existing,13
mix.add_1,mix.add,1,338,G,A,0.20833333333333331,0,-0.20833333333333331,lost,NA,pvdL_2921260,2921260,current_pos,pvdL,0,existing,13
mix.add_2,mix.add,2,40,C,T,0,1,1,gain,6,tssH_107412,107412,current_pos,tssH,0,gain,14
mix.add_2,mix.add,2,117,C,T,0.29166666666666663,0.3333333333333333,0.041666666666666685,existing,5,tuf_758238,758238,current_pos,tuf,0,existing,14
mix.add_2,mix.add,2,159,G,A,0.29166666666666663,0.375,0.08333333333333337,existing,6,yejK_1215372,1215372,current_pos,yejK,0,existing,14
mix.add_2,mix.add,2,186,C,T,1,0,-1,lost,NA,ngg_1672382,1672382,current_pos,ngg,0,existing,14
mix.add_2,mix.add,2,269,C,T,0.875,0.8333333333333333,-0.04166666666666674,existing,6,clpA_2618885,2618885,current_pos,clpA,0,existing,14
mix.add_2,mix.add,2,270,A,G,0.875,0.8333333333333333,-0.04166666666666674,existing,6,clpA_2618891,2618891,current_pos,clpA,0,existing,14
mix.add_2,mix.add,2,324,CTA,CATA,0,0,0,gain,NA,gcvT_2892498,2892498,current_pos,gcvT,0,gain,14
mix.add_2,mix.add,2,592,T,C,0,1,1,gain,6,flgL_4474444,4474444,current_pos,flgL,0,gain,14
mix.add_2,mix.add,2,597,G,C,0,1,1,gain,6,flgL_4474498,4474498,current_pos,flgL,0,gain,14
mix.add_2,mix.add,2,635,A,T,0.875,0.8333333333333333,-0.04166666666666674,existing,5,purN_4619114,4619114,current_pos,purN,0,existing,14
mix.add_2,mix.add,2,637,G,A,0.9166666666666666,0.8333333333333333,-0.08333333333333337,existing,5,astB_4668032,4668032,current_pos,astB,0,existing,14
mix.add_2,mix.add,2,693,C,A,0.08333333333333333,0.16666666666666666,0.08333333333333333,existing,6,gatA_5178061,5178061,current_pos,gatA,0,existing,14
mix.add_2,mix.add,2,889,C,G,0.08333333333333333,0.16666666666666666,0.08333333333333333,existing,5,hslU_5964694,5964694,current_pos,hslU,0,existing,14
mix.add_2,mix.add,2,959,G,A,0.9166666666666666,0.8333333333333333,-0.08333333333333337,existing,4,glmS_6517681,6517681,current_pos,glmS,0,existing,14
mix.add_2,mix.add,2,172,G,A,0,1,1,gain,6,mutS_1502681,1502681,current_pos,mutS,0,gain,14
mix.add_2,mix.add,2,264,T,C,0.9583333333333333,0,-0.9583333333333333,lost,NA,tssI_2545186,2545186,current_pos,tssI,0,existing,14
mix.add_2,mix.add,2,452,G,C,0.125,0.20833333333333331,0.08333333333333331,existing,6,glgX_3263638,3263638,current_pos,glgX,0,existing,14
mix.add_2,mix.add,2,605,A,C,0,1,1,gain,6,flgK_4476431,4476431,current_pos,flgK,0,gain,14
mix.add_2,mix.add,2,606,AGCG,GGCA,0,1,1,gain,6,flgK_4476443,4476443,current_pos,flgK,0,gain,14
mix.add_2,mix.add,2,607,GGTTGT,CGTCGC,0,1,1,gain,6,flgK_4476455,4476455,current_pos,flgK,0,gain,14
mix.add_2,mix.add,2,608,GCTG,CGCC,0,1,1,gain,6,flgK_4476470,4476470,current_pos,flgK,0,gain,14
mix.add_2,mix.add,2,689,TTGA,CTGG,0,1,1,gain,6,mreD_5174896,5174896,current_pos,mreD,0,gain,14
mix.add_2,mix.add,2,417,CCGG,ACGC,0,0,0,gain,NA,tssH_3022846,3022846,current_pos,tssH,0,gain,14
mix.add_2,mix.add,2,418,C,G,0,0,0,gain,NA,tssH_3022855,3022855,current_pos,tssH,0,gain,14
mix.add_2,mix.add,2,419,T,C,0,0,0,gain,NA,tssH_3022876,3022876,current_pos,tssH,0,gain,14
mix.add_2,mix.add,2,690,T,C,0,1,1,gain,6,mreC_5174922,5174922,current_pos,mreC,0,gain,14
mix.add_2,mix.add,2,691,A,G,0,1,1,gain,6,mreC_5174994,5174994,current_pos,mreC,0,gain,14
mix.add_2,mix.add,2,692,G,A,0,1,1,gain,6,mreC_5175031,5175031,current_pos,mreC,0,gain,14
mix.add_2,mix.add,2,522,T,C,0.08333333333333333,0.16666666666666666,0.08333333333333333,existing,5,tssC_3827848,3827848,current_pos,tssC,0,existing,14
mix.add_2,mix.add,2,598,A,G,0,0,0,gain,NA,flgK_4476188,4476188,current_pos,flgK,0,gain,14
mix.add_2,mix.add,2,599,GCAGC,TCAGG,0,0,0,gain,NA,flgK_4476196,4476196,current_pos,flgK,0,gain,14
mix.add_2,mix.add,2,600,G,A,0,0,0,gain,NA,flgK_4476206,4476206,current_pos,flgK,0,gain,14
mix.add_2,mix.add,2,601,ATAA,GTAG,0,0,0,gain,NA,flgK_4476221,4476221,current_pos,flgK,0,gain,14
mix.add_2,mix.add,2,909,CACC,AACG,0.08333333333333333,0.16666666666666666,0.08333333333333333,existing,5,ntrC_6046334,6046334,current_pos,ntrC,0,existing,14
mix.add_2,mix.add,2,33,C,T,0.20833333333333331,0.25,0.041666666666666685,existing,4,exoT_57653,57653,current_pos,exoT,0,existing,14
mix.add_2,mix.add,2,34,C,G,0.20833333333333331,0.25,0.041666666666666685,existing,4,exoT_57662,57662,current_pos,exoT,0,existing,14
mix.add_2,mix.add,2,35,A,G,0.20833333333333331,0.25,0.041666666666666685,existing,5,exoT_57677,57677,current_pos,exoT,0,existing,14
mix.add_2,mix.add,2,36,GTTGGG,ATCGGC,0.20833333333333331,0.25,0.041666666666666685,existing,4,exoT_57682,57682,current_pos,exoT,0,existing,14
mix.add_2,mix.add,2,116,T,C,0,1,1,gain,6,fusA_755892,755892,current_pos,fusA,0,gain,14
mix.add_2,mix.add,2,171,C,T,0,1,1,gain,6,mutS_1502534,1502534,current_pos,mutS,0,gain,14
mix.add_2,mix.add,2,519,G,A,0,1,1,gain,4,yscW_3778160,3778160,current_pos,yscW,0,gain,14
mix.add_2,mix.add,2,541,A,G,0,1,1,gain,4,ffs_3974569,3974569,current_pos,ffs,0,gain,14
mix.add_2,mix.add,2,593,GGGT,ACGA,0,1,1,gain,6,flgL_4474449,4474449,current_pos,flgL,0,gain,14
mix.add_2,mix.add,2,594,T,C,0,1,1,gain,6,flgL_4474459,4474459,current_pos,flgL,0,gain,14
mix.add_2,mix.add,2,595,GCGCTTCAGG,ACGCCTCGGC,0,1,1,gain,6,flgL_4474464,4474464,current_pos,flgL,0,gain,14
mix.add_2,mix.add,2,698,C,T,0,1,1,gain,5,pilB_5234881,5234881,current_pos,pilB,0,gain,14
mix.add_2,mix.add,2,332,T,C,0.20833333333333331,0.29166666666666663,0.08333333333333331,existing,4,pvdL_2920309,2920309,current_pos,pvdL,0,existing,14
mix.add_2,mix.add,2,336,GCCGT,GGT,0.20833333333333331,0.25,0.041666666666666685,existing,4,pvdL_2921233,2921233,current_pos,pvdL,0,existing,14
mix.add_2,mix.add,2,337,ACGCTGGTG,ATGCGTTGATC,0.20833333333333331,0.25,0.041666666666666685,existing,4,pvdL_2921240,2921240,current_pos,pvdL,0,existing,14
mix.add_2,mix.add,2,338,G,A,0.20833333333333331,0.25,0.041666666666666685,existing,4,pvdL_2921260,2921260,current_pos,pvdL,0,existing,14
mix.add_3,mix.add,3,40,C,T,0,1,1,gain,6,tssH_107412,107412,current_pos,tssH,0,gain,15
mix.add_3,mix.add,3,117,C,T,0.29166666666666663,0.3333333333333333,0.041666666666666685,existing,5,tuf_758238,758238,current_pos,tuf,0,existing,15
mix.add_3,mix.add,3,159,G,A,0.29166666666666663,0.41666666666666663,0.125,existing,6,yejK_1215372,1215372,current_pos,yejK,0,existing,15
mix.add_3,mix.add,3,186,C,T,1,0,-1,lost,NA,ngg_1672382,1672382,current_pos,ngg,0,existing,15
mix.add_3,mix.add,3,269,C,T,0.875,0.75,-0.125,existing,6,clpA_2618885,2618885,current_pos,clpA,0,existing,15
mix.add_3,mix.add,3,270,A,G,0.875,0.75,-0.125,existing,6,clpA_2618891,2618891,current_pos,clpA,0,existing,15
mix.add_3,mix.add,3,324,CTA,CATA,0,0,0,gain,NA,gcvT_2892498,2892498,current_pos,gcvT,0,gain,15
mix.add_3,mix.add,3,592,T,C,0,1,1,gain,6,flgL_4474444,4474444,current_pos,flgL,0,gain,15
mix.add_3,mix.add,3,597,G,C,0,1,1,gain,6,flgL_4474498,4474498,current_pos,flgL,0,gain,15
mix.add_3,mix.add,3,635,A,T,0.875,0.8333333333333333,-0.04166666666666674,existing,5,purN_4619114,4619114,current_pos,purN,0,existing,15
mix.add_3,mix.add,3,637,G,A,0.9166666666666666,0.8333333333333333,-0.08333333333333337,existing,5,astB_4668032,4668032,current_pos,astB,0,existing,15
mix.add_3,mix.add,3,693,C,A,0.08333333333333333,0.20833333333333331,0.12499999999999999,existing,6,gatA_5178061,5178061,current_pos,gatA,0,existing,15
mix.add_3,mix.add,3,889,C,G,0.08333333333333333,0.20833333333333331,0.12499999999999999,existing,5,hslU_5964694,5964694,current_pos,hslU,0,existing,15
mix.add_3,mix.add,3,959,G,A,0.9166666666666666,0.8333333333333333,-0.08333333333333337,existing,4,glmS_6517681,6517681,current_pos,glmS,0,existing,15
mix.add_3,mix.add,3,172,G,A,0,1,1,gain,6,mutS_1502681,1502681,current_pos,mutS,0,gain,15
mix.add_3,mix.add,3,264,T,C,0.9583333333333333,0,-0.9583333333333333,lost,NA,tssI_2545186,2545186,current_pos,tssI,0,existing,15
mix.add_3,mix.add,3,452,G,C,0.125,0.20833333333333331,0.08333333333333331,existing,6,glgX_3263638,3263638,current_pos,glgX,0,existing,15
mix.add_3,mix.add,3,605,A,C,0,1,1,gain,6,flgK_4476431,4476431,current_pos,flgK,0,gain,15
mix.add_3,mix.add,3,606,AGCG,GGCA,0,1,1,gain,6,flgK_4476443,4476443,current_pos,flgK,0,gain,15
mix.add_3,mix.add,3,607,GGTTGT,CGTCGC,0,1,1,gain,6,flgK_4476455,4476455,current_pos,flgK,0,gain,15
mix.add_3,mix.add,3,608,GCTG,CGCC,0,1,1,gain,6,flgK_4476470,4476470,current_pos,flgK,0,gain,15
mix.add_3,mix.add,3,689,TTGA,CTGG,0,1,1,gain,6,mreD_5174896,5174896,current_pos,mreD,0,gain,15
mix.add_3,mix.add,3,417,CCGG,ACGC,0,0,0,gain,NA,tssH_3022846,3022846,current_pos,tssH,0,gain,15
mix.add_3,mix.add,3,418,C,G,0,0,0,gain,NA,tssH_3022855,3022855,current_pos,tssH,0,gain,15
mix.add_3,mix.add,3,419,T,C,0,0,0,gain,NA,tssH_3022876,3022876,current_pos,tssH,0,gain,15
mix.add_3,mix.add,3,690,T,C,0,1,1,gain,6,mreC_5174922,5174922,current_pos,mreC,0,gain,15
mix.add_3,mix.add,3,691,A,G,0,1,1,gain,6,mreC_5174994,5174994,current_pos,mreC,0,gain,15
mix.add_3,mix.add,3,692,G,A,0,1,1,gain,6,mreC_5175031,5175031,current_pos,mreC,0,gain,15
mix.add_3,mix.add,3,522,T,C,0.08333333333333333,0.16666666666666666,0.08333333333333333,existing,5,tssC_3827848,3827848,current_pos,tssC,0,existing,15
mix.add_3,mix.add,3,598,A,G,0,0,0,gain,NA,flgK_4476188,4476188,current_pos,flgK,0,gain,15
mix.add_3,mix.add,3,599,GCAGC,TCAGG,0,0,0,gain,NA,flgK_4476196,4476196,current_pos,flgK,0,gain,15
mix.add_3,mix.add,3,600,G,A,0,0,0,gain,NA,flgK_4476206,4476206,current_pos,flgK,0,gain,15
mix.add_3,mix.add,3,601,ATAA,GTAG,0,0,0,gain,NA,flgK_4476221,4476221,current_pos,flgK,0,gain,15
mix.add_3,mix.add,3,909,CACC,AACG,0.08333333333333333,0.16666666666666666,0.08333333333333333,existing,5,ntrC_6046334,6046334,current_pos,ntrC,0,existing,15
mix.add_3,mix.add,3,33,C,T,0.20833333333333331,0.08333333333333333,-0.12499999999999999,existing,4,exoT_57653,57653,current_pos,exoT,0,existing,15
mix.add_3,mix.add,3,34,C,G,0.20833333333333331,0.08333333333333333,-0.12499999999999999,existing,4,exoT_57662,57662,current_pos,exoT,0,existing,15
mix.add_3,mix.add,3,35,A,G,0.20833333333333331,0.08333333333333333,-0.12499999999999999,existing,5,exoT_57677,57677,current_pos,exoT,0,existing,15
mix.add_3,mix.add,3,36,GTTGGG,ATCGGC,0.20833333333333331,0.125,-0.08333333333333331,existing,4,exoT_57682,57682,current_pos,exoT,0,existing,15
mix.add_3,mix.add,3,116,T,C,0,1,1,gain,6,fusA_755892,755892,current_pos,fusA,0,gain,15
mix.add_3,mix.add,3,171,C,T,0,1,1,gain,6,mutS_1502534,1502534,current_pos,mutS,0,gain,15
mix.add_3,mix.add,3,519,G,A,0,0,0,gain,NA,yscW_3778160,3778160,current_pos,yscW,0,gain,15
mix.add_3,mix.add,3,541,A,G,0,1,1,gain,4,ffs_3974569,3974569,current_pos,ffs,0,gain,15
mix.add_3,mix.add,3,593,GGGT,ACGA,0,1,1,gain,6,flgL_4474449,4474449,current_pos,flgL,0,gain,15
mix.add_3,mix.add,3,594,T,C,0,1,1,gain,6,flgL_4474459,4474459,current_pos,flgL,0,gain,15
mix.add_3,mix.add,3,595,GCGCTTCAGG,ACGCCTCGGC,0,1,1,gain,6,flgL_4474464,4474464,current_pos,flgL,0,gain,15
mix.add_3,mix.add,3,698,C,T,0,1,1,gain,5,pilB_5234881,5234881,current_pos,pilB,0,gain,15
mix.add_3,mix.add,3,332,T,C,0.20833333333333331,0.25,0.041666666666666685,existing,4,pvdL_2920309,2920309,current_pos,pvdL,0,existing,15
mix.add_3,mix.add,3,336,GCCGT,GGT,0.20833333333333331,0.25,0.041666666666666685,existing,4,pvdL_2921233,2921233,current_pos,pvdL,0,existing,15
mix.add_3,mix.add,3,337,ACGCTGGTG,ATGCGTTGATC,0.20833333333333331,0.25,0.041666666666666685,existing,4,pvdL_2921240,2921240,current_pos,pvdL,0,existing,15
mix.add_3,mix.add,3,338,G,A,0.20833333333333331,0.25,0.041666666666666685,existing,4,pvdL_2921260,2921260,current_pos,pvdL,0,existing,15
mix.add_4,mix.add,4,40,C,T,0,1,1,gain,6,tssH_107412,107412,current_pos,tssH,0,gain,16
mix.add_4,mix.add,4,117,C,T,0.29166666666666663,0.375,0.08333333333333337,existing,5,tuf_758238,758238,current_pos,tuf,0,existing,16
mix.add_4,mix.add,4,159,G,A,0.29166666666666663,0.41666666666666663,0.125,existing,6,yejK_1215372,1215372,current_pos,yejK,0,existing,16
mix.add_4,mix.add,4,186,C,T,1,0,-1,lost,NA,ngg_1672382,1672382,current_pos,ngg,0,existing,16
mix.add_4,mix.add,4,269,C,T,0.875,0.8333333333333333,-0.04166666666666674,existing,6,clpA_2618885,2618885,current_pos,clpA,0,existing,16
mix.add_4,mix.add,4,270,A,G,0.875,0.8333333333333333,-0.04166666666666674,existing,6,clpA_2618891,2618891,current_pos,clpA,0,existing,16
mix.add_4,mix.add,4,324,CTA,CATA,0,0,0,gain,NA,gcvT_2892498,2892498,current_pos,gcvT,0,gain,16
mix.add_4,mix.add,4,592,T,C,0,1,1,gain,6,flgL_4474444,4474444,current_pos,flgL,0,gain,16
mix.add_4,mix.add,4,597,G,C,0,1,1,gain,6,flgL_4474498,4474498,current_pos,flgL,0,gain,16
mix.add_4,mix.add,4,635,A,T,0.875,0.8333333333333333,-0.04166666666666674,existing,5,purN_4619114,4619114,current_pos,purN,0,existing,16
mix.add_4,mix.add,4,637,G,A,0.9166666666666666,0.8333333333333333,-0.08333333333333337,existing,5,astB_4668032,4668032,current_pos,astB,0,existing,16
mix.add_4,mix.add,4,693,C,A,0.08333333333333333,0.16666666666666666,0.08333333333333333,existing,6,gatA_5178061,5178061,current_pos,gatA,0,existing,16
mix.add_4,mix.add,4,889,C,G,0.08333333333333333,0.20833333333333331,0.12499999999999999,existing,5,hslU_5964694,5964694,current_pos,hslU,0,existing,16
mix.add_4,mix.add,4,959,G,A,0.9166666666666666,0.8333333333333333,-0.08333333333333337,existing,4,glmS_6517681,6517681,current_pos,glmS,0,existing,16
mix.add_4,mix.add,4,172,G,A,0,1,1,gain,6,mutS_1502681,1502681,current_pos,mutS,0,gain,16
mix.add_4,mix.add,4,264,T,C,0.9583333333333333,0,-0.9583333333333333,lost,NA,tssI_2545186,2545186,current_pos,tssI,0,existing,16
mix.add_4,mix.add,4,452,G,C,0.125,0.3333333333333333,0.20833333333333331,existing,6,glgX_3263638,3263638,current_pos,glgX,0,existing,16
mix.add_4,mix.add,4,605,A,C,0,1,1,gain,6,flgK_4476431,4476431,current_pos,flgK,0,gain,16
mix.add_4,mix.add,4,606,AGCG,GGCA,0,1,1,gain,6,flgK_4476443,4476443,current_pos,flgK,0,gain,16
mix.add_4,mix.add,4,607,GGTTGT,CGTCGC,0,1,1,gain,6,flgK_4476455,4476455,current_pos,flgK,0,gain,16
mix.add_4,mix.add,4,608,GCTG,CGCC,0,1,1,gain,6,flgK_4476470,4476470,current_pos,flgK,0,gain,16
mix.add_4,mix.add,4,689,TTGA,CTGG,0,1,1,gain,6,mreD_5174896,5174896,current_pos,mreD,0,gain,16
mix.add_4,mix.add,4,417,CCGG,ACGC,0,0,0,gain,NA,tssH_3022846,3022846,current_pos,tssH,0,gain,16
mix.add_4,mix.add,4,418,C,G,0,0,0,gain,NA,tssH_3022855,3022855,current_pos,tssH,0,gain,16
mix.add_4,mix.add,4,419,T,C,0,0,0,gain,NA,tssH_3022876,3022876,current_pos,tssH,0,gain,16
mix.add_4,mix.add,4,690,T,C,0,1,1,gain,6,mreC_5174922,5174922,current_pos,mreC,0,gain,16
mix.add_4,mix.add,4,691,A,G,0,1,1,gain,6,mreC_5174994,5174994,current_pos,mreC,0,gain,16
mix.add_4,mix.add,4,692,G,A,0,1,1,gain,6,mreC_5175031,5175031,current_pos,mreC,0,gain,16
mix.add_4,mix.add,4,522,T,C,0.08333333333333333,0,-0.08333333333333333,lost,NA,tssC_3827848,3827848,current_pos,tssC,0,existing,16
mix.add_4,mix.add,4,598,A,G,0,0,0,gain,NA,flgK_4476188,4476188,current_pos,flgK,0,gain,16
mix.add_4,mix.add,4,599,GCAGC,TCAGG,0,0,0,gain,NA,flgK_4476196,4476196,current_pos,flgK,0,gain,16
mix.add_4,mix.add,4,600,G,A,0,0,0,gain,NA,flgK_4476206,4476206,current_pos,flgK,0,gain,16
mix.add_4,mix.add,4,601,ATAA,GTAG,0,0,0,gain,NA,flgK_4476221,4476221,current_pos,flgK,0,gain,16
mix.add_4,mix.add,4,909,CACC,AACG,0.08333333333333333,0,-0.08333333333333333,lost,NA,ntrC_6046334,6046334,current_pos,ntrC,0,existing,16
mix.add_4,mix.add,4,33,C,T,0.20833333333333331,0,-0.20833333333333331,lost,NA,exoT_57653,57653,current_pos,exoT,0,existing,16
mix.add_4,mix.add,4,34,C,G,0.20833333333333331,0,-0.20833333333333331,lost,NA,exoT_57662,57662,current_pos,exoT,0,existing,16
mix.add_4,mix.add,4,35,A,G,0.20833333333333331,0,-0.20833333333333331,lost,NA,exoT_57677,57677,current_pos,exoT,0,existing,16
mix.add_4,mix.add,4,36,GTTGGG,ATCGGC,0.20833333333333331,0,-0.20833333333333331,lost,NA,exoT_57682,57682,current_pos,exoT,0,existing,16
mix.add_4,mix.add,4,116,T,C,0,1,1,gain,6,fusA_755892,755892,current_pos,fusA,0,gain,16
mix.add_4,mix.add,4,171,C,T,0,0.9583333333333333,0.9583333333333333,gain,6,mutS_1502534,1502534,current_pos,mutS,0,gain,16
mix.add_4,mix.add,4,519,G,A,0,1,1,gain,4,yscW_3778160,3778160,current_pos,yscW,0,gain,16
mix.add_4,mix.add,4,541,A,G,0,1,1,gain,4,ffs_3974569,3974569,current_pos,ffs,0,gain,16
mix.add_4,mix.add,4,593,GGGT,ACGA,0,1,1,gain,6,flgL_4474449,4474449,current_pos,flgL,0,gain,16
mix.add_4,mix.add,4,594,T,C,0,1,1,gain,6,flgL_4474459,4474459,current_pos,flgL,0,gain,16
mix.add_4,mix.add,4,595,GCGCTTCAGG,ACGCCTCGGC,0,1,1,gain,6,flgL_4474464,4474464,current_pos,flgL,0,gain,16
mix.add_4,mix.add,4,698,C,T,0,1,1,gain,5,pilB_5234881,5234881,current_pos,pilB,0,gain,16
mix.add_4,mix.add,4,332,T,C,0.20833333333333331,0,-0.20833333333333331,lost,NA,pvdL_2920309,2920309,current_pos,pvdL,0,existing,16
mix.add_4,mix.add,4,336,GCCGT,GGT,0.20833333333333331,0.25,0.041666666666666685,existing,4,pvdL_2921233,2921233,current_pos,pvdL,0,existing,16
mix.add_4,mix.add,4,337,ACGCTGGTG,ATGCGTTGATC,0.20833333333333331,0.25,0.041666666666666685,existing,4,pvdL_2921240,2921240,current_pos,pvdL,0,existing,16
mix.add_4,mix.add,4,338,G,A,0.20833333333333331,0.25,0.041666666666666685,existing,4,pvdL_2921260,2921260,current_pos,pvdL,0,existing,16
mix.add_5,mix.add,5,40,C,T,0,1,1,gain,6,tssH_107412,107412,current_pos,tssH,0,gain,17
mix.add_5,mix.add,5,117,C,T,0.29166666666666663,0.3333333333333333,0.041666666666666685,existing,5,tuf_758238,758238,current_pos,tuf,0,existing,17
mix.add_5,mix.add,5,159,G,A,0.29166666666666663,0.3333333333333333,0.041666666666666685,existing,6,yejK_1215372,1215372,current_pos,yejK,0,existing,17
mix.add_5,mix.add,5,186,C,T,1,0,-1,lost,NA,ngg_1672382,1672382,current_pos,ngg,0,existing,17
mix.add_5,mix.add,5,269,C,T,0.875,0.7916666666666666,-0.08333333333333337,existing,6,clpA_2618885,2618885,current_pos,clpA,0,existing,17
mix.add_5,mix.add,5,270,A,G,0.875,0.7916666666666666,-0.08333333333333337,existing,6,clpA_2618891,2618891,current_pos,clpA,0,existing,17
mix.add_5,mix.add,5,324,CTA,CATA,0,0,0,gain,NA,gcvT_2892498,2892498,current_pos,gcvT,0,gain,17
mix.add_5,mix.add,5,592,T,C,0,1,1,gain,6,flgL_4474444,4474444,current_pos,flgL,0,gain,17
mix.add_5,mix.add,5,597,G,C,0,1,1,gain,6,flgL_4474498,4474498,current_pos,flgL,0,gain,17
mix.add_5,mix.add,5,635,A,T,0.875,0.7916666666666666,-0.08333333333333337,existing,5,purN_4619114,4619114,current_pos,purN,0,existing,17
mix.add_5,mix.add,5,637,G,A,0.9166666666666666,0.8333333333333333,-0.08333333333333337,existing,5,astB_4668032,4668032,current_pos,astB,0,existing,17
mix.add_5,mix.add,5,693,C,A,0.08333333333333333,0.16666666666666666,0.08333333333333333,existing,6,gatA_5178061,5178061,current_pos,gatA,0,existing,17
mix.add_5,mix.add,5,889,C,G,0.08333333333333333,0.16666666666666666,0.08333333333333333,existing,5,hslU_5964694,5964694,current_pos,hslU,0,existing,17
mix.add_5,mix.add,5,959,G,A,0.9166666666666666,0.7916666666666666,-0.125,existing,4,glmS_6517681,6517681,current_pos,glmS,0,existing,17
mix.add_5,mix.add,5,172,G,A,0,1,1,gain,6,mutS_1502681,1502681,current_pos,mutS,0,gain,17
mix.add_5,mix.add,5,264,T,C,0.9583333333333333,0,-0.9583333333333333,lost,NA,tssI_2545186,2545186,current_pos,tssI,0,existing,17
mix.add_5,mix.add,5,452,G,C,0.125,0.20833333333333331,0.08333333333333331,existing,6,glgX_3263638,3263638,current_pos,glgX,0,existing,17
mix.add_5,mix.add,5,605,A,C,0,1,1,gain,6,flgK_4476431,4476431,current_pos,flgK,0,gain,17
mix.add_5,mix.add,5,606,AGCG,GGCA,0,1,1,gain,6,flgK_4476443,4476443,current_pos,flgK,0,gain,17
mix.add_5,mix.add,5,607,GGTTGT,CGTCGC,0,1,1,gain,6,flgK_4476455,4476455,current_pos,flgK,0,gain,17
mix.add_5,mix.add,5,608,GCTG,CGCC,0,1,1,gain,6,flgK_4476470,4476470,current_pos,flgK,0,gain,17
mix.add_5,mix.add,5,689,TTGA,CTGG,0,1,1,gain,6,mreD_5174896,5174896,current_pos,mreD,0,gain,17
mix.add_5,mix.add,5,417,CCGG,ACGC,0,0,0,gain,NA,tssH_3022846,3022846,current_pos,tssH,0,gain,17
mix.add_5,mix.add,5,418,C,G,0,0,0,gain,NA,tssH_3022855,3022855,current_pos,tssH,0,gain,17
mix.add_5,mix.add,5,419,T,C,0,0,0,gain,NA,tssH_3022876,3022876,current_pos,tssH,0,gain,17
mix.add_5,mix.add,5,690,T,C,0,1,1,gain,6,mreC_5174922,5174922,current_pos,mreC,0,gain,17
mix.add_5,mix.add,5,691,A,G,0,1,1,gain,6,mreC_5174994,5174994,current_pos,mreC,0,gain,17
mix.add_5,mix.add,5,692,G,A,0,1,1,gain,6,mreC_5175031,5175031,current_pos,mreC,0,gain,17
mix.add_5,mix.add,5,522,T,C,0.08333333333333333,0.16666666666666666,0.08333333333333333,existing,5,tssC_3827848,3827848,current_pos,tssC,0,existing,17
mix.add_5,mix.add,5,598,A,G,0,0,0,gain,NA,flgK_4476188,4476188,current_pos,flgK,0,gain,17
mix.add_5,mix.add,5,599,GCAGC,TCAGG,0,0,0,gain,NA,flgK_4476196,4476196,current_pos,flgK,0,gain,17
mix.add_5,mix.add,5,600,G,A,0,0,0,gain,NA,flgK_4476206,4476206,current_pos,flgK,0,gain,17
mix.add_5,mix.add,5,601,ATAA,GTAG,0,0,0,gain,NA,flgK_4476221,4476221,current_pos,flgK,0,gain,17
mix.add_5,mix.add,5,909,CACC,AACG,0.08333333333333333,0.16666666666666666,0.08333333333333333,existing,5,ntrC_6046334,6046334,current_pos,ntrC,0,existing,17
mix.add_5,mix.add,5,33,C,T,0.20833333333333331,0.25,0.041666666666666685,existing,4,exoT_57653,57653,current_pos,exoT,0,existing,17
mix.add_5,mix.add,5,34,C,G,0.20833333333333331,0.25,0.041666666666666685,existing,4,exoT_57662,57662,current_pos,exoT,0,existing,17
mix.add_5,mix.add,5,35,A,G,0.20833333333333331,0.25,0.041666666666666685,existing,5,exoT_57677,57677,current_pos,exoT,0,existing,17
mix.add_5,mix.add,5,36,GTTGGG,ATCGGC,0.20833333333333331,0.25,0.041666666666666685,existing,4,exoT_57682,57682,current_pos,exoT,0,existing,17
mix.add_5,mix.add,5,116,T,C,0,1,1,gain,6,fusA_755892,755892,current_pos,fusA,0,gain,17
mix.add_5,mix.add,5,171,C,T,0,1,1,gain,6,mutS_1502534,1502534,current_pos,mutS,0,gain,17
mix.add_5,mix.add,5,519,G,A,0,1,1,gain,4,yscW_3778160,3778160,current_pos,yscW,0,gain,17
mix.add_5,mix.add,5,541,A,G,0,0,0,gain,NA,ffs_3974569,3974569,current_pos,ffs,0,gain,17
mix.add_5,mix.add,5,593,GGGT,ACGA,0,1,1,gain,6,flgL_4474449,4474449,current_pos,flgL,0,gain,17
mix.add_5,mix.add,5,594,T,C,0,1,1,gain,6,flgL_4474459,4474459,current_pos,flgL,0,gain,17
mix.add_5,mix.add,5,595,GCGCTTCAGG,ACGCCTCGGC,0,1,1,gain,6,flgL_4474464,4474464,current_pos,flgL,0,gain,17
mix.add_5,mix.add,5,698,C,T,0,1,1,gain,5,pilB_5234881,5234881,current_pos,pilB,0,gain,17
mix.add_5,mix.add,5,332,T,C,0.20833333333333331,0.25,0.041666666666666685,existing,4,pvdL_2920309,2920309,current_pos,pvdL,0,existing,17
mix.add_5,mix.add,5,336,GCCGT,GGT,0.20833333333333331,0.25,0.041666666666666685,existing,4,pvdL_2921233,2921233,current_pos,pvdL,0,existing,17
mix.add_5,mix.add,5,337,ACGCTGGTG,ATGCGTTGATC,0.20833333333333331,0.25,0.041666666666666685,existing,4,pvdL_2921240,2921240,current_pos,pvdL,0,existing,17
mix.add_5,mix.add,5,338,G,A,0.20833333333333331,0.25,0.041666666666666685,existing,4,pvdL_2921260,2921260,current_pos,pvdL,0,existing,17
mix.add_6,mix.add,6,40,C,T,0,1,1,gain,6,tssH_107412,107412,current_pos,tssH,0,gain,18
mix.add_6,mix.add,6,117,C,T,0.29166666666666663,0.3333333333333333,0.041666666666666685,existing,5,tuf_758238,758238,current_pos,tuf,0,existing,18
mix.add_6,mix.add,6,159,G,A,0.29166666666666663,0.375,0.08333333333333337,existing,6,yejK_1215372,1215372,current_pos,yejK,0,existing,18
mix.add_6,mix.add,6,186,C,T,1,0,-1,lost,NA,ngg_1672382,1672382,current_pos,ngg,0,existing,18
mix.add_6,mix.add,6,269,C,T,0.875,0.8333333333333333,-0.04166666666666674,existing,6,clpA_2618885,2618885,current_pos,clpA,0,existing,18
mix.add_6,mix.add,6,270,A,G,0.875,0.8333333333333333,-0.04166666666666674,existing,6,clpA_2618891,2618891,current_pos,clpA,0,existing,18
mix.add_6,mix.add,6,324,CTA,CATA,0,0,0,gain,NA,gcvT_2892498,2892498,current_pos,gcvT,0,gain,18
mix.add_6,mix.add,6,592,T,C,0,1,1,gain,6,flgL_4474444,4474444,current_pos,flgL,0,gain,18
mix.add_6,mix.add,6,597,G,C,0,1,1,gain,6,flgL_4474498,4474498,current_pos,flgL,0,gain,18
mix.add_6,mix.add,6,635,A,T,0.875,0.8333333333333333,-0.04166666666666674,existing,5,purN_4619114,4619114,current_pos,purN,0,existing,18
mix.add_6,mix.add,6,637,G,A,0.9166666666666666,0.8333333333333333,-0.08333333333333337,existing,5,astB_4668032,4668032,current_pos,astB,0,existing,18
mix.add_6,mix.add,6,693,C,A,0.08333333333333333,0.16666666666666666,0.08333333333333333,existing,6,gatA_5178061,5178061,current_pos,gatA,0,existing,18
mix.add_6,mix.add,6,889,C,G,0.08333333333333333,0.16666666666666666,0.08333333333333333,existing,5,hslU_5964694,5964694,current_pos,hslU,0,existing,18
mix.add_6,mix.add,6,959,G,A,0.9166666666666666,0,-0.9166666666666666,lost,NA,glmS_6517681,6517681,current_pos,glmS,0,existing,18
mix.add_6,mix.add,6,172,G,A,0,1,1,gain,6,mutS_1502681,1502681,current_pos,mutS,0,gain,18
mix.add_6,mix.add,6,264,T,C,0.9583333333333333,0,-0.9583333333333333,lost,NA,tssI_2545186,2545186,current_pos,tssI,0,existing,18
mix.add_6,mix.add,6,452,G,C,0.125,0.20833333333333331,0.08333333333333331,existing,6,glgX_3263638,3263638,current_pos,glgX,0,existing,18
mix.add_6,mix.add,6,605,A,C,0,1,1,gain,6,flgK_4476431,4476431,current_pos,flgK,0,gain,18
mix.add_6,mix.add,6,606,AGCG,GGCA,0,1,1,gain,6,flgK_4476443,4476443,current_pos,flgK,0,gain,18
mix.add_6,mix.add,6,607,GGTTGT,CGTCGC,0,1,1,gain,6,flgK_4476455,4476455,current_pos,flgK,0,gain,18
mix.add_6,mix.add,6,608,GCTG,CGCC,0,1,1,gain,6,flgK_4476470,4476470,current_pos,flgK,0,gain,18
mix.add_6,mix.add,6,689,TTGA,CTGG,0,1,1,gain,6,mreD_5174896,5174896,current_pos,mreD,0,gain,18
mix.add_6,mix.add,6,417,CCGG,ACGC,0,0,0,gain,NA,tssH_3022846,3022846,current_pos,tssH,0,gain,18
mix.add_6,mix.add,6,418,C,G,0,0,0,gain,NA,tssH_3022855,3022855,current_pos,tssH,0,gain,18
mix.add_6,mix.add,6,419,T,C,0,0,0,gain,NA,tssH_3022876,3022876,current_pos,tssH,0,gain,18
mix.add_6,mix.add,6,690,T,C,0,1,1,gain,6,mreC_5174922,5174922,current_pos,mreC,0,gain,18
mix.add_6,mix.add,6,691,A,G,0,1,1,gain,6,mreC_5174994,5174994,current_pos,mreC,0,gain,18
mix.add_6,mix.add,6,692,G,A,0,1,1,gain,6,mreC_5175031,5175031,current_pos,mreC,0,gain,18
mix.add_6,mix.add,6,522,T,C,0.08333333333333333,0.125,0.04166666666666667,existing,5,tssC_3827848,3827848,current_pos,tssC,0,existing,18
mix.add_6,mix.add,6,598,A,G,0,0,0,gain,NA,flgK_4476188,4476188,current_pos,flgK,0,gain,18
mix.add_6,mix.add,6,599,GCAGC,TCAGG,0,0,0,gain,NA,flgK_4476196,4476196,current_pos,flgK,0,gain,18
mix.add_6,mix.add,6,600,G,A,0,0,0,gain,NA,flgK_4476206,4476206,current_pos,flgK,0,gain,18
mix.add_6,mix.add,6,601,ATAA,GTAG,0,0,0,gain,NA,flgK_4476221,4476221,current_pos,flgK,0,gain,18
mix.add_6,mix.add,6,909,CACC,AACG,0.08333333333333333,0.16666666666666666,0.08333333333333333,existing,5,ntrC_6046334,6046334,current_pos,ntrC,0,existing,18
mix.add_6,mix.add,6,33,C,T,0.20833333333333331,0,-0.20833333333333331,lost,NA,exoT_57653,57653,current_pos,exoT,0,existing,18
mix.add_6,mix.add,6,34,C,G,0.20833333333333331,0,-0.20833333333333331,lost,NA,exoT_57662,57662,current_pos,exoT,0,existing,18
mix.add_6,mix.add,6,35,A,G,0.20833333333333331,0.08333333333333333,-0.12499999999999999,existing,5,exoT_57677,57677,current_pos,exoT,0,existing,18
mix.add_6,mix.add,6,36,GTTGGG,ATCGGC,0.20833333333333331,0,-0.20833333333333331,lost,NA,exoT_57682,57682,current_pos,exoT,0,existing,18
mix.add_6,mix.add,6,116,T,C,0,1,1,gain,6,fusA_755892,755892,current_pos,fusA,0,gain,18
mix.add_6,mix.add,6,171,C,T,0,1,1,gain,6,mutS_1502534,1502534,current_pos,mutS,0,gain,18
mix.add_6,mix.add,6,519,G,A,0,0,0,gain,NA,yscW_3778160,3778160,current_pos,yscW,0,gain,18
mix.add_6,mix.add,6,541,A,G,0,0,0,gain,NA,ffs_3974569,3974569,current_pos,ffs,0,gain,18
mix.add_6,mix.add,6,593,GGGT,ACGA,0,1,1,gain,6,flgL_4474449,4474449,current_pos,flgL,0,gain,18
mix.add_6,mix.add,6,594,T,C,0,1,1,gain,6,flgL_4474459,4474459,current_pos,flgL,0,gain,18
mix.add_6,mix.add,6,595,GCGCTTCAGG,ACGCCTCGGC,0,1,1,gain,6,flgL_4474464,4474464,current_pos,flgL,0,gain,18
mix.add_6,mix.add,6,698,C,T,0,0,0,gain,NA,pilB_5234881,5234881,current_pos,pilB,0,gain,18
mix.add_6,mix.add,6,332,T,C,0.20833333333333331,0.25,0.041666666666666685,existing,4,pvdL_2920309,2920309,current_pos,pvdL,0,existing,18
mix.add_6,mix.add,6,336,GCCGT,GGT,0.20833333333333331,0,-0.20833333333333331,lost,NA,pvdL_2921233,2921233,current_pos,pvdL,0,existing,18
mix.add_6,mix.add,6,337,ACGCTGGTG,ATGCGTTGATC,0.20833333333333331,0,-0.20833333333333331,lost,NA,pvdL_2921240,2921240,current_pos,pvdL,0,existing,18
mix.add_6,mix.add,6,338,G,A,0.20833333333333331,0,-0.20833333333333331,lost,NA,pvdL_2921260,2921260,current_pos,pvdL,0,existing,18
