"clone","treat","rep","res","time_of_death","status","galleria_ind1","galleria_ind2"
"C_R1_C20","control_nop","R1","susc",18,1,1,1
"C_R1_C20","control_nop","R1","susc",18,1,2,2
"C_R1_C20","control_nop","R1","susc",18,1,3,3
"C_R1_C20","control_nop","R1","susc",18,1,4,4
"C_R1_C20","control_nop","R1","susc",19,1,5,5
"C_R1_C20","control_nop","R1","susc",19,1,6,6
"C_R1_C20","control_nop","R1","susc",19,1,7,7
"C_R1_C20","control_nop","R1","susc",20,1,8,8
"C_R1_C20","control_nop","R1","susc",23,1,9,9
"C_R1_C20","control_nop","R1","susc",23,1,10,10
"C_R1_C20","control_nop","R1","susc",23,1,11,11
"C_R1_C20","control_nop","R1","susc",29,1,12,12
"C_R1_C20","control_nop","R1","susc",47,0,13,13
"C_R1_C20","control_nop","R1","susc",47,0,14,14
"C_R1_C20","control_nop","R1","susc",47,0,15,15
"C_R1_C20","control_nop","R1","susc",47,0,16,16
"C_R1_C20","control_nop","R1","susc",47,0,17,17
"C_R1_C20","control_nop","R1","susc",47,0,18,18
"C_R1_C20","control_nop","R1","susc",47,0,19,19
"C_R1_C20","control_nop","R1","susc",47,0,20,20
"C_R2_C11","control_nop","R2","susc",18,1,21,1
"C_R2_C11","control_nop","R2","susc",18,1,22,2
"C_R2_C11","control_nop","R2","susc",18,1,23,3
"C_R2_C11","control_nop","R2","susc",18,1,24,4
"C_R2_C11","control_nop","R2","susc",18,1,25,5
"C_R2_C11","control_nop","R2","susc",18,1,26,6
"C_R2_C11","control_nop","R2","susc",18,1,27,7
"C_R2_C11","control_nop","R2","susc",18,1,28,8
"C_R2_C11","control_nop","R2","susc",18,1,29,9
"C_R2_C11","control_nop","R2","susc",18,1,30,10
"C_R2_C11","control_nop","R2","susc",18,1,31,11
"C_R2_C11","control_nop","R2","susc",19,1,32,12
"C_R2_C11","control_nop","R2","susc",19,1,33,13
"C_R2_C11","control_nop","R2","susc",23,1,34,14
"C_R2_C11","control_nop","R2","susc",23,1,35,15
"C_R2_C11","control_nop","R2","susc",25,1,36,16
"C_R2_C11","control_nop","R2","susc",33,1,37,17
"C_R2_C11","control_nop","R2","susc",47,0,38,18
"C_R2_C11","control_nop","R2","susc",47,0,39,19
"C_R2_C11","control_nop","R2","susc",47,0,40,20
"C_R3_C16","control_nop","R3","susc",18,1,41,1
"C_R3_C16","control_nop","R3","susc",18,1,42,2
"C_R3_C16","control_nop","R3","susc",18,1,43,3
"C_R3_C16","control_nop","R3","susc",18,1,44,4
"C_R3_C16","control_nop","R3","susc",18,1,45,5
"C_R3_C16","control_nop","R3","susc",18,1,46,6
"C_R3_C16","control_nop","R3","susc",18,1,47,7
"C_R3_C16","control_nop","R3","susc",18,1,48,8
"C_R3_C16","control_nop","R3","susc",18,1,49,9
"C_R3_C16","control_nop","R3","susc",18,1,50,10
"C_R3_C16","control_nop","R3","susc",18,1,51,11
"C_R3_C16","control_nop","R3","susc",18,1,52,12
"C_R3_C16","control_nop","R3","susc",18,1,53,13
"C_R3_C16","control_nop","R3","susc",18,1,54,14
"C_R3_C16","control_nop","R3","susc",18,1,55,15
"C_R3_C16","control_nop","R3","susc",18,1,56,16
"C_R3_C16","control_nop","R3","susc",18,1,57,17
"C_R3_C16","control_nop","R3","susc",18,1,58,18
"C_R3_C16","control_nop","R3","susc",18,1,59,19
"C_R3_C16","control_nop","R3","susc",18,1,60,20
"C_R4_C6","control_nop","R4","susc",18,1,61,1
"C_R4_C6","control_nop","R4","susc",18,1,62,2
"C_R4_C6","control_nop","R4","susc",18,1,63,3
"C_R4_C6","control_nop","R4","susc",18,1,64,4
"C_R4_C6","control_nop","R4","susc",18,1,65,5
"C_R4_C6","control_nop","R4","susc",18,1,66,6
"C_R4_C6","control_nop","R4","susc",18,1,67,7
"C_R4_C6","control_nop","R4","susc",18,1,68,8
"C_R4_C6","control_nop","R4","susc",18,1,69,9
"C_R4_C6","control_nop","R4","susc",18,1,70,10
"C_R4_C6","control_nop","R4","susc",18,1,71,11
"C_R4_C6","control_nop","R4","susc",18,1,72,12
"C_R4_C6","control_nop","R4","susc",18,1,73,13
"C_R4_C6","control_nop","R4","susc",18,1,74,14
"C_R4_C6","control_nop","R4","susc",18,1,75,15
"C_R4_C6","control_nop","R4","susc",18,1,76,16
"C_R4_C6","control_nop","R4","susc",18,1,77,17
"C_R4_C6","control_nop","R4","susc",18,1,78,18
"C_R4_C6","control_nop","R4","susc",18,1,79,19
"C_R4_C6","control_nop","R4","susc",19,1,80,20
"C_R5_C3","control_nop","R5","susc",18,1,81,1
"C_R5_C3","control_nop","R5","susc",18,1,82,2
"C_R5_C3","control_nop","R5","susc",18,1,83,3
"C_R5_C3","control_nop","R5","susc",18,1,84,4
"C_R5_C3","control_nop","R5","susc",18,1,85,5
"C_R5_C3","control_nop","R5","susc",19,1,86,6
"C_R5_C3","control_nop","R5","susc",20,1,87,7
"C_R5_C3","control_nop","R5","susc",20,1,88,8
"C_R5_C3","control_nop","R5","susc",20,1,89,9
"C_R5_C3","control_nop","R5","susc",20,1,90,10
"C_R5_C3","control_nop","R5","susc",23,1,91,11
"C_R5_C3","control_nop","R5","susc",23,1,92,12
"C_R5_C3","control_nop","R5","susc",23,1,93,13
"C_R5_C3","control_nop","R5","susc",47,0,94,14
"C_R5_C3","control_nop","R5","susc",47,0,95,15
"C_R5_C3","control_nop","R5","susc",47,0,96,16
"C_R5_C3","control_nop","R5","susc",47,0,97,17
"C_R5_C3","control_nop","R5","susc",47,0,98,18
"C_R5_C3","control_nop","R5","susc",47,0,99,19
"C_R5_C3","control_nop","R5","susc",47,0,100,20
"C_R6_C8","control_nop","R6","susc",18,1,101,1
"C_R6_C8","control_nop","R6","susc",18,1,102,2
"C_R6_C8","control_nop","R6","susc",18,1,103,3
"C_R6_C8","control_nop","R6","susc",18,1,104,4
"C_R6_C8","control_nop","R6","susc",18,1,105,5
"C_R6_C8","control_nop","R6","susc",18,1,106,6
"C_R6_C8","control_nop","R6","susc",18,1,107,7
"C_R6_C8","control_nop","R6","susc",18,1,108,8
"C_R6_C8","control_nop","R6","susc",18,1,109,9
"C_R6_C8","control_nop","R6","susc",19,1,110,10
"C_R6_C8","control_nop","R6","susc",19,1,111,11
"C_R6_C8","control_nop","R6","susc",19,1,112,12
"C_R6_C8","control_nop","R6","susc",20,1,113,13
"C_R6_C8","control_nop","R6","susc",23,1,114,14
"C_R6_C8","control_nop","R6","susc",47,0,115,15
"C_R6_C8","control_nop","R6","susc",47,0,116,16
"C_R6_C8","control_nop","R6","susc",47,0,117,17
"C_R6_C8","control_nop","R6","susc",47,0,118,18
"C_R6_C8","control_nop","R6","susc",47,0,119,19
"C_R6_C8","control_nop","R6","susc",47,0,120,20
"E3","vivo_t1","E3",NA,10,1,121,1
"E3","vivo_t1","E3",NA,12,1,122,2
"E3","vivo_t1","E3",NA,12,1,123,3
"E3","vivo_t1","E3",NA,14,1,124,4
"E3","vivo_t1","E3",NA,19,1,125,5
"E3","vivo_t1","E3",NA,19,1,126,6
"E3","vivo_t1","E3",NA,19,1,127,7
"E3","vivo_t1","E3",NA,19,1,128,8
"E3","vivo_t1","E3",NA,19,1,129,9
"E3","vivo_t1","E3",NA,19,1,130,10
"E3","vivo_t1","E3",NA,19,1,131,11
"E3","vivo_t1","E3",NA,19,1,132,12
"E3","vivo_t1","E3",NA,19,1,133,13
"E3","vivo_t1","E3",NA,19,1,134,14
"E3","vivo_t1","E3",NA,19,1,135,15
"E3","vivo_t1","E3",NA,19,1,136,16
"E3","vivo_t1","E3",NA,19,1,137,17
"E3","vivo_t1","E3",NA,19,1,138,18
"E3","vivo_t1","E3",NA,19,1,139,19
"E3","vivo_t1","E3",NA,19,1,140,20
"E4","vivo_t1","E4",NA,25,1,141,1
"E4","vivo_t1","E4",NA,33,1,142,2
"E4","vivo_t1","E4",NA,36,1,143,3
"E4","vivo_t1","E4",NA,46,1,144,4
"E4","vivo_t1","E4",NA,50,0,145,5
"E4","vivo_t1","E4",NA,50,0,146,6
"E4","vivo_t1","E4",NA,50,0,147,7
"E4","vivo_t1","E4",NA,50,0,148,8
"E4","vivo_t1","E4",NA,50,0,149,9
"E4","vivo_t1","E4",NA,50,0,150,10
"E4","vivo_t1","E4",NA,50,0,151,11
"E4","vivo_t1","E4",NA,50,0,152,12
"E4","vivo_t1","E4",NA,50,0,153,13
"E4","vivo_t1","E4",NA,50,0,154,14
"E4","vivo_t1","E4",NA,50,0,155,15
"E4","vivo_t1","E4",NA,50,0,156,16
"E4","vivo_t1","E4",NA,50,0,157,17
"E4","vivo_t1","E4",NA,50,0,158,18
"E4","vivo_t1","E4",NA,50,0,159,19
"E4","vivo_t1","E4",NA,50,0,160,20
"E5","vivo_t1","E5",NA,6,1,161,1
"E5","vivo_t1","E5",NA,12,1,162,2
"E5","vivo_t1","E5",NA,12,1,163,3
"E5","vivo_t1","E5",NA,19,1,164,4
"E5","vivo_t1","E5",NA,19,1,165,5
"E5","vivo_t1","E5",NA,19,1,166,6
"E5","vivo_t1","E5",NA,19,1,167,7
"E5","vivo_t1","E5",NA,19,1,168,8
"E5","vivo_t1","E5",NA,19,1,169,9
"E5","vivo_t1","E5",NA,19,1,170,10
"E5","vivo_t1","E5",NA,19,1,171,11
"E5","vivo_t1","E5",NA,19,1,172,12
"E5","vivo_t1","E5",NA,19,1,173,13
"E5","vivo_t1","E5",NA,19,1,174,14
"E5","vivo_t1","E5",NA,21,1,175,15
"E5","vivo_t1","E5",NA,21,1,176,16
"E5","vivo_t1","E5",NA,21,1,177,17
"E5","vivo_t1","E5",NA,24,1,178,18
"E5","vivo_t1","E5",NA,24,1,179,19
"E5","vivo_t1","E5",NA,24,1,180,20
"E6","vivo_t1","E6",NA,21,1,181,1
"E6","vivo_t1","E6",NA,50,0,182,2
"E6","vivo_t1","E6",NA,50,0,183,3
"E6","vivo_t1","E6",NA,50,0,184,4
"E6","vivo_t1","E6",NA,50,0,185,5
"E6","vivo_t1","E6",NA,50,0,186,6
"E6","vivo_t1","E6",NA,50,0,187,7
"E6","vivo_t1","E6",NA,50,0,188,8
"E6","vivo_t1","E6",NA,50,0,189,9
"E6","vivo_t1","E6",NA,50,0,190,10
"E6","vivo_t1","E6",NA,50,0,191,11
"E6","vivo_t1","E6",NA,50,0,192,12
"E6","vivo_t1","E6",NA,50,0,193,13
"E6","vivo_t1","E6",NA,50,0,194,14
"E6","vivo_t1","E6",NA,50,0,195,15
"E6","vivo_t1","E6",NA,50,0,196,16
"E6","vivo_t1","E6",NA,50,0,197,17
"E6","vivo_t1","E6",NA,50,0,198,18
"E6","vivo_t1","E6",NA,50,0,199,19
"E6","vivo_t1","E6",NA,50,0,200,20
"E7","vivo_t1","E7",NA,14,1,201,1
"E7","vivo_t1","E7",NA,14,1,202,2
"E7","vivo_t1","E7",NA,19,1,203,3
"E7","vivo_t1","E7",NA,19,1,204,4
"E7","vivo_t1","E7",NA,19,1,205,5
"E7","vivo_t1","E7",NA,19,1,206,6
"E7","vivo_t1","E7",NA,19,1,207,7
"E7","vivo_t1","E7",NA,19,1,208,8
"E7","vivo_t1","E7",NA,19,1,209,9
"E7","vivo_t1","E7",NA,19,1,210,10
"E7","vivo_t1","E7",NA,19,1,211,11
"E7","vivo_t1","E7",NA,19,1,212,12
"E7","vivo_t1","E7",NA,19,1,213,13
"E7","vivo_t1","E7",NA,19,1,214,14
"E7","vivo_t1","E7",NA,19,1,215,15
"E7","vivo_t1","E7",NA,19,1,216,16
"E7","vivo_t1","E7",NA,19,1,217,17
"E7","vivo_t1","E7",NA,19,1,218,18
"E7","vivo_t1","E7",NA,19,1,219,19
"E7","vivo_t1","E7",NA,19,1,220,20
"E8","vivo_t1","E8",NA,27,1,221,1
"E8","vivo_t1","E8",NA,32,1,222,2
"E8","vivo_t1","E8",NA,36,1,223,3
"E8","vivo_t1","E8",NA,39,1,224,4
"E8","vivo_t1","E8",NA,46,1,225,5
"E8","vivo_t1","E8",NA,46,1,226,6
"E8","vivo_t1","E8",NA,50,1,227,7
"E8","vivo_t1","E8",NA,50,0,228,8
"E8","vivo_t1","E8",NA,50,0,229,9
"E8","vivo_t1","E8",NA,50,0,230,10
"E8","vivo_t1","E8",NA,50,0,231,11
"E8","vivo_t1","E8",NA,50,0,232,12
"E8","vivo_t1","E8",NA,50,0,233,13
"E8","vivo_t1","E8",NA,50,0,234,14
"E8","vivo_t1","E8",NA,50,0,235,15
"E8","vivo_t1","E8",NA,50,0,236,16
"E8","vivo_t1","E8",NA,50,0,237,17
"E8","vivo_t1","E8",NA,50,0,238,18
"E8","vivo_t1","E8",NA,50,0,239,19
"E8","vivo_t1","E8",NA,50,0,240,20
"F1","vivo_t2","F1",NA,6,1,241,1
"F1","vivo_t2","F1",NA,19,1,242,2
"F1","vivo_t2","F1",NA,19,1,243,3
"F1","vivo_t2","F1",NA,19,1,244,4
"F1","vivo_t2","F1",NA,19,1,245,5
"F1","vivo_t2","F1",NA,19,1,246,6
"F1","vivo_t2","F1",NA,19,1,247,7
"F1","vivo_t2","F1",NA,19,1,248,8
"F1","vivo_t2","F1",NA,19,1,249,9
"F1","vivo_t2","F1",NA,19,1,250,10
"F1","vivo_t2","F1",NA,19,1,251,11
"F1","vivo_t2","F1",NA,19,1,252,12
"F1","vivo_t2","F1",NA,19,1,253,13
"F1","vivo_t2","F1",NA,19,1,254,14
"F1","vivo_t2","F1",NA,19,1,255,15
"F1","vivo_t2","F1",NA,19,1,256,16
"F1","vivo_t2","F1",NA,19,1,257,17
"F1","vivo_t2","F1",NA,19,1,258,18
"F1","vivo_t2","F1",NA,19,1,259,19
"F1","vivo_t2","F1",NA,19,1,260,20
"F2","vivo_t2","F2",NA,10,1,261,1
"F2","vivo_t2","F2",NA,19,1,262,2
"F2","vivo_t2","F2",NA,19,1,263,3
"F2","vivo_t2","F2",NA,19,1,264,4
"F2","vivo_t2","F2",NA,19,1,265,5
"F2","vivo_t2","F2",NA,19,1,266,6
"F2","vivo_t2","F2",NA,19,1,267,7
"F2","vivo_t2","F2",NA,19,1,268,8
"F2","vivo_t2","F2",NA,19,1,269,9
"F2","vivo_t2","F2",NA,19,1,270,10
"F2","vivo_t2","F2",NA,19,1,271,11
"F2","vivo_t2","F2",NA,19,1,272,12
"F2","vivo_t2","F2",NA,19,1,273,13
"F2","vivo_t2","F2",NA,19,1,274,14
"F2","vivo_t2","F2",NA,21,1,275,15
"F2","vivo_t2","F2",NA,21,1,276,16
"F2","vivo_t2","F2",NA,22,1,277,17
"F2","vivo_t2","F2",NA,22,1,278,18
"F2","vivo_t2","F2",NA,23,1,279,19
"F2","vivo_t2","F2",NA,26,1,280,20
"G1","anc","G1",NA,15,1,281,1
"G1","anc","G1",NA,15,1,282,2
"G1","anc","G1",NA,15,1,283,3
"G1","anc","G1",NA,15,1,284,4
"G1","anc","G1",NA,15,1,285,5
"G1","anc","G1",NA,15,1,286,6
"G1","anc","G1",NA,17,1,287,7
"G1","anc","G1",NA,17,1,288,8
"G1","anc","G1",NA,17,1,289,9
"G1","anc","G1",NA,17,1,290,10
"G1","anc","G1",NA,17,1,291,11
"G1","anc","G1",NA,17,1,292,12
"G1","anc","G1",NA,17,1,293,13
"G1","anc","G1",NA,17,1,294,14
"G1","anc","G1",NA,17,1,295,15
"G1","anc","G1",NA,17,1,296,16
"G1","anc","G1",NA,17,1,297,17
"G1","anc","G1",NA,17,1,298,18
"G1","anc","G1",NA,18,1,299,19
"G1","anc","G1",NA,19,1,300,20
"G10","anc","G10",NA,15,1,301,1
"G10","anc","G10",NA,15,1,302,2
"G10","anc","G10",NA,15,1,303,3
"G10","anc","G10",NA,15,1,304,4
"G10","anc","G10",NA,15,1,305,5
"G10","anc","G10",NA,15,1,306,6
"G10","anc","G10",NA,15,1,307,7
"G10","anc","G10",NA,15,1,308,8
"G10","anc","G10",NA,15,1,309,9
"G10","anc","G10",NA,15,1,310,10
"G10","anc","G10",NA,15,1,311,11
"G10","anc","G10",NA,15,1,312,12
"G10","anc","G10",NA,15,1,313,13
"G10","anc","G10",NA,15,1,314,14
"G10","anc","G10",NA,15,1,315,15
"G10","anc","G10",NA,15,1,316,16
"G10","anc","G10",NA,15,1,317,17
"G10","anc","G10",NA,15,1,318,18
"G10","anc","G10",NA,17,1,319,19
"G10","anc","G10",NA,17,1,320,20
"G11","anc","G11",NA,15,1,321,1
"G11","anc","G11",NA,15,1,322,2
"G11","anc","G11",NA,15,1,323,3
"G11","anc","G11",NA,15,1,324,4
"G11","anc","G11",NA,15,1,325,5
"G11","anc","G11",NA,15,1,326,6
"G11","anc","G11",NA,15,1,327,7
"G11","anc","G11",NA,15,1,328,8
"G11","anc","G11",NA,15,1,329,9
"G11","anc","G11",NA,15,1,330,10
"G11","anc","G11",NA,15,1,331,11
"G11","anc","G11",NA,15,1,332,12
"G11","anc","G11",NA,15,1,333,13
"G11","anc","G11",NA,15,1,334,14
"G11","anc","G11",NA,15,1,335,15
"G11","anc","G11",NA,15,1,336,16
"G11","anc","G11",NA,15,1,337,17
"G11","anc","G11",NA,15,1,338,18
"G11","anc","G11",NA,15,1,339,19
"G11","anc","G11",NA,15,1,340,20
"G12","anc","G12",NA,15,1,341,1
"G12","anc","G12",NA,15,1,342,2
"G12","anc","G12",NA,15,1,343,3
"G12","anc","G12",NA,15,1,344,4
"G12","anc","G12",NA,15,1,345,5
"G12","anc","G12",NA,15,1,346,6
"G12","anc","G12",NA,15,1,347,7
"G12","anc","G12",NA,15,1,348,8
"G12","anc","G12",NA,15,1,349,9
"G12","anc","G12",NA,15,1,350,10
"G12","anc","G12",NA,15,1,351,11
"G12","anc","G12",NA,15,1,352,12
"G12","anc","G12",NA,15,1,353,13
"G12","anc","G12",NA,17,1,354,14
"G12","anc","G12",NA,17,1,355,15
"G12","anc","G12",NA,17,1,356,16
"G12","anc","G12",NA,17,1,357,17
"G12","anc","G12",NA,17,1,358,18
"G12","anc","G12",NA,18,1,359,19
"G12","anc","G12",NA,18,1,360,20
"G2","anc","G2",NA,15,1,361,1
"G2","anc","G2",NA,15,1,362,2
"G2","anc","G2",NA,15,1,363,3
"G2","anc","G2",NA,15,1,364,4
"G2","anc","G2",NA,15,1,365,5
"G2","anc","G2",NA,15,1,366,6
"G2","anc","G2",NA,15,1,367,7
"G2","anc","G2",NA,15,1,368,8
"G2","anc","G2",NA,15,1,369,9
"G2","anc","G2",NA,15,1,370,10
"G2","anc","G2",NA,15,1,371,11
"G2","anc","G2",NA,15,1,372,12
"G2","anc","G2",NA,15,1,373,13
"G2","anc","G2",NA,15,1,374,14
"G2","anc","G2",NA,15,1,375,15
"G2","anc","G2",NA,15,1,376,16
"G2","anc","G2",NA,15,1,377,17
"G2","anc","G2",NA,15,1,378,18
"G2","anc","G2",NA,15,1,379,19
"G2","anc","G2",NA,17,1,380,20
"G3","anc","G3",NA,15,1,381,1
"G3","anc","G3",NA,15,1,382,2
"G3","anc","G3",NA,15,1,383,3
"G3","anc","G3",NA,15,1,384,4
"G3","anc","G3",NA,15,1,385,5
"G3","anc","G3",NA,15,1,386,6
"G3","anc","G3",NA,15,1,387,7
"G3","anc","G3",NA,15,1,388,8
"G3","anc","G3",NA,15,1,389,9
"G3","anc","G3",NA,15,1,390,10
"G3","anc","G3",NA,15,1,391,11
"G3","anc","G3",NA,15,1,392,12
"G3","anc","G3",NA,15,1,393,13
"G3","anc","G3",NA,15,1,394,14
"G3","anc","G3",NA,15,1,395,15
"G3","anc","G3",NA,15,1,396,16
"G3","anc","G3",NA,15,1,397,17
"G3","anc","G3",NA,15,1,398,18
"G3","anc","G3",NA,15,1,399,19
"G3","anc","G3",NA,17,1,400,20
"G4","anc","G4",NA,15,1,401,1
"G4","anc","G4",NA,15,1,402,2
"G4","anc","G4",NA,15,1,403,3
"G4","anc","G4",NA,15,1,404,4
"G4","anc","G4",NA,15,1,405,5
"G4","anc","G4",NA,15,1,406,6
"G4","anc","G4",NA,15,1,407,7
"G4","anc","G4",NA,15,1,408,8
"G4","anc","G4",NA,15,1,409,9
"G4","anc","G4",NA,15,1,410,10
"G4","anc","G4",NA,15,1,411,11
"G4","anc","G4",NA,15,1,412,12
"G4","anc","G4",NA,15,1,413,13
"G4","anc","G4",NA,15,1,414,14
"G4","anc","G4",NA,15,1,415,15
"G4","anc","G4",NA,15,1,416,16
"G4","anc","G4",NA,17,1,417,17
"G4","anc","G4",NA,17,1,418,18
"G4","anc","G4",NA,17,1,419,19
"G4","anc","G4",NA,17,1,420,20
"G5","anc","G5",NA,15,1,421,1
"G5","anc","G5",NA,15,1,422,2
"G5","anc","G5",NA,15,1,423,3
"G5","anc","G5",NA,15,1,424,4
"G5","anc","G5",NA,15,1,425,5
"G5","anc","G5",NA,15,1,426,6
"G5","anc","G5",NA,15,1,427,7
"G5","anc","G5",NA,15,1,428,8
"G5","anc","G5",NA,15,1,429,9
"G5","anc","G5",NA,15,1,430,10
"G5","anc","G5",NA,15,1,431,11
"G5","anc","G5",NA,15,1,432,12
"G5","anc","G5",NA,15,1,433,13
"G5","anc","G5",NA,15,1,434,14
"G5","anc","G5",NA,15,1,435,15
"G5","anc","G5",NA,15,1,436,16
"G5","anc","G5",NA,15,1,437,17
"G5","anc","G5",NA,17,1,438,18
"G5","anc","G5",NA,17,1,439,19
"G5","anc","G5",NA,19,1,440,20
"G6","anc","G6",NA,2,1,441,1
"G6","anc","G6",NA,15,1,442,2
"G6","anc","G6",NA,15,1,443,3
"G6","anc","G6",NA,15,1,444,4
"G6","anc","G6",NA,15,1,445,5
"G6","anc","G6",NA,15,1,446,6
"G6","anc","G6",NA,15,1,447,7
"G6","anc","G6",NA,15,1,448,8
"G6","anc","G6",NA,15,1,449,9
"G6","anc","G6",NA,15,1,450,10
"G6","anc","G6",NA,17,1,451,11
"G6","anc","G6",NA,17,1,452,12
"G6","anc","G6",NA,17,1,453,13
"G6","anc","G6",NA,17,1,454,14
"G6","anc","G6",NA,17,1,455,15
"G6","anc","G6",NA,17,1,456,16
"G6","anc","G6",NA,17,1,457,17
"G6","anc","G6",NA,17,1,458,18
"G6","anc","G6",NA,18,1,459,19
"G6","anc","G6",NA,18,1,460,20
"G7","anc","G7",NA,15,1,461,1
"G7","anc","G7",NA,15,1,462,2
"G7","anc","G7",NA,15,1,463,3
"G7","anc","G7",NA,15,1,464,4
"G7","anc","G7",NA,15,1,465,5
"G7","anc","G7",NA,15,1,466,6
"G7","anc","G7",NA,15,1,467,7
"G7","anc","G7",NA,15,1,468,8
"G7","anc","G7",NA,15,1,469,9
"G7","anc","G7",NA,15,1,470,10
"G7","anc","G7",NA,15,1,471,11
"G7","anc","G7",NA,15,1,472,12
"G7","anc","G7",NA,15,1,473,13
"G7","anc","G7",NA,15,1,474,14
"G7","anc","G7",NA,15,1,475,15
"G7","anc","G7",NA,15,1,476,16
"G7","anc","G7",NA,15,1,477,17
"G7","anc","G7",NA,15,1,478,18
"G7","anc","G7",NA,17,1,479,19
"G7","anc","G7",NA,17,1,480,20
"G8","anc","G8",NA,15,1,481,1
"G8","anc","G8",NA,15,1,482,2
"G8","anc","G8",NA,15,1,483,3
"G8","anc","G8",NA,15,1,484,4
"G8","anc","G8",NA,15,1,485,5
"G8","anc","G8",NA,15,1,486,6
"G8","anc","G8",NA,15,1,487,7
"G8","anc","G8",NA,15,1,488,8
"G8","anc","G8",NA,15,1,489,9
"G8","anc","G8",NA,15,1,490,10
"G8","anc","G8",NA,15,1,491,11
"G8","anc","G8",NA,15,1,492,12
"G8","anc","G8",NA,15,1,493,13
"G8","anc","G8",NA,15,1,494,14
"G8","anc","G8",NA,17,1,495,15
"G8","anc","G8",NA,17,1,496,16
"G8","anc","G8",NA,17,1,497,17
"G8","anc","G8",NA,17,1,498,18
"G8","anc","G8",NA,17,1,499,19
"G8","anc","G8",NA,18,1,500,20
"G9","anc","G9",NA,15,1,501,1
"G9","anc","G9",NA,15,1,502,2
"G9","anc","G9",NA,15,1,503,3
"G9","anc","G9",NA,15,1,504,4
"G9","anc","G9",NA,15,1,505,5
"G9","anc","G9",NA,15,1,506,6
"G9","anc","G9",NA,15,1,507,7
"G9","anc","G9",NA,15,1,508,8
"G9","anc","G9",NA,15,1,509,9
"G9","anc","G9",NA,15,1,510,10
"G9","anc","G9",NA,15,1,511,11
"G9","anc","G9",NA,15,1,512,12
"G9","anc","G9",NA,15,1,513,13
"G9","anc","G9",NA,15,1,514,14
"G9","anc","G9",NA,15,1,515,15
"G9","anc","G9",NA,15,1,516,16
"G9","anc","G9",NA,15,1,517,17
"G9","anc","G9",NA,17,1,518,18
"G9","anc","G9",NA,17,1,519,19
"G9","anc","G9",NA,46,0,520,20
"H1","anc","H1",NA,10,1,521,1
"H1","anc","H1",NA,12,1,522,2
"H1","anc","H1",NA,12,1,523,3
"H1","anc","H1",NA,12,1,524,4
"H1","anc","H1",NA,12,1,525,5
"H1","anc","H1",NA,12,1,526,6
"H1","anc","H1",NA,12,1,527,7
"H1","anc","H1",NA,12,1,528,8
"H1","anc","H1",NA,12,1,529,9
"H1","anc","H1",NA,12,1,530,10
"H1","anc","H1",NA,12,1,531,11
"H1","anc","H1",NA,12,1,532,12
"H1","anc","H1",NA,12,1,533,13
"H1","anc","H1",NA,12,1,534,14
"H1","anc","H1",NA,12,1,535,15
"H1","anc","H1",NA,12,1,536,16
"H1","anc","H1",NA,12,1,537,17
"H1","anc","H1",NA,13,1,538,18
"H1","anc","H1",NA,14,1,539,19
"H1","anc","H1",NA,14,1,540,20
"H10","anc","H10",NA,13,1,541,1
"H10","anc","H10",NA,14,1,542,2
"H10","anc","H10",NA,14,1,543,3
"H10","anc","H10",NA,14,1,544,4
"H10","anc","H10",NA,14,1,545,5
"H10","anc","H10",NA,14,1,546,6
"H10","anc","H10",NA,15,1,547,7
"H10","anc","H10",NA,15,1,548,8
"H10","anc","H10",NA,15,1,549,9
"H10","anc","H10",NA,16,1,550,10
"H10","anc","H10",NA,16,1,551,11
"H10","anc","H10",NA,16,1,552,12
"H10","anc","H10",NA,16,1,553,13
"H10","anc","H10",NA,16,1,554,14
"H10","anc","H10",NA,16,1,555,15
"H10","anc","H10",NA,16,1,556,16
"H10","anc","H10",NA,22,1,557,17
"H10","anc","H10",NA,22,1,558,18
"H10","anc","H10",NA,22,1,559,19
"H10","anc","H10",NA,22,1,560,20
"H11","anc","H11",NA,13,1,561,1
"H11","anc","H11",NA,14,1,562,2
"H11","anc","H11",NA,14,1,563,3
"H11","anc","H11",NA,14,1,564,4
"H11","anc","H11",NA,14,1,565,5
"H11","anc","H11",NA,14,1,566,6
"H11","anc","H11",NA,15,1,567,7
"H11","anc","H11",NA,15,1,568,8
"H11","anc","H11",NA,15,1,569,9
"H11","anc","H11",NA,15,1,570,10
"H11","anc","H11",NA,15,1,571,11
"H11","anc","H11",NA,15,1,572,12
"H11","anc","H11",NA,15,1,573,13
"H11","anc","H11",NA,16,1,574,14
"H11","anc","H11",NA,16,1,575,15
"H11","anc","H11",NA,16,1,576,16
"H11","anc","H11",NA,16,1,577,17
"H11","anc","H11",NA,16,1,578,18
"H11","anc","H11",NA,16,1,579,19
"H11","anc","H11",NA,16,1,580,20
"H12","anc","H12",NA,13,1,581,1
"H12","anc","H12",NA,13,1,582,2
"H12","anc","H12",NA,13,1,583,3
"H12","anc","H12",NA,13,1,584,4
"H12","anc","H12",NA,13,1,585,5
"H12","anc","H12",NA,14,1,586,6
"H12","anc","H12",NA,14,1,587,7
"H12","anc","H12",NA,14,1,588,8
"H12","anc","H12",NA,15,1,589,9
"H12","anc","H12",NA,16,1,590,10
"H12","anc","H12",NA,16,1,591,11
"H12","anc","H12",NA,16,1,592,12
"H12","anc","H12",NA,16,1,593,13
"H12","anc","H12",NA,16,1,594,14
"H12","anc","H12",NA,16,1,595,15
"H12","anc","H12",NA,16,1,596,16
"H12","anc","H12",NA,16,1,597,17
"H12","anc","H12",NA,16,1,598,18
"H12","anc","H12",NA,22,1,599,19
"H12","anc","H12",NA,22,1,600,20
"H2","anc","H2",NA,10,1,601,1
"H2","anc","H2",NA,10,1,602,2
"H2","anc","H2",NA,12,1,603,3
"H2","anc","H2",NA,12,1,604,4
"H2","anc","H2",NA,12,1,605,5
"H2","anc","H2",NA,12,1,606,6
"H2","anc","H2",NA,12,1,607,7
"H2","anc","H2",NA,12,1,608,8
"H2","anc","H2",NA,12,1,609,9
"H2","anc","H2",NA,12,1,610,10
"H2","anc","H2",NA,12,1,611,11
"H2","anc","H2",NA,12,1,612,12
"H2","anc","H2",NA,12,1,613,13
"H2","anc","H2",NA,12,1,614,14
"H2","anc","H2",NA,12,1,615,15
"H2","anc","H2",NA,12,1,616,16
"H2","anc","H2",NA,13,1,617,17
"H2","anc","H2",NA,13,1,618,18
"H2","anc","H2",NA,13,1,619,19
"H2","anc","H2",NA,15,1,620,20
"H3","anc","H3",NA,12,1,621,1
"H3","anc","H3",NA,12,1,622,2
"H3","anc","H3",NA,12,1,623,3
"H3","anc","H3",NA,12,1,624,4
"H3","anc","H3",NA,12,1,625,5
"H3","anc","H3",NA,12,1,626,6
"H3","anc","H3",NA,12,1,627,7
"H3","anc","H3",NA,12,1,628,8
"H3","anc","H3",NA,12,1,629,9
"H3","anc","H3",NA,12,1,630,10
"H3","anc","H3",NA,12,1,631,11
"H3","anc","H3",NA,12,1,632,12
"H3","anc","H3",NA,12,1,633,13
"H3","anc","H3",NA,12,1,634,14
"H3","anc","H3",NA,12,1,635,15
"H3","anc","H3",NA,12,1,636,16
"H3","anc","H3",NA,12,1,637,17
"H3","anc","H3",NA,12,1,638,18
"H3","anc","H3",NA,12,1,639,19
"H3","anc","H3",NA,13,1,640,20
"H4","anc","H4",NA,10,1,641,1
"H4","anc","H4",NA,12,1,642,2
"H4","anc","H4",NA,12,1,643,3
"H4","anc","H4",NA,12,1,644,4
"H4","anc","H4",NA,12,1,645,5
"H4","anc","H4",NA,12,1,646,6
"H4","anc","H4",NA,12,1,647,7
"H4","anc","H4",NA,12,1,648,8
"H4","anc","H4",NA,12,1,649,9
"H4","anc","H4",NA,12,1,650,10
"H4","anc","H4",NA,12,1,651,11
"H4","anc","H4",NA,12,1,652,12
"H4","anc","H4",NA,12,1,653,13
"H4","anc","H4",NA,12,1,654,14
"H4","anc","H4",NA,12,1,655,15
"H4","anc","H4",NA,12,1,656,16
"H4","anc","H4",NA,12,1,657,17
"H4","anc","H4",NA,14,1,658,18
"H4","anc","H4",NA,14,1,659,19
"H4","anc","H4",NA,14,1,660,20
"H5","anc","H5",NA,1,1,661,1
"H5","anc","H5",NA,12,1,662,2
"H5","anc","H5",NA,12,1,663,3
"H5","anc","H5",NA,12,1,664,4
"H5","anc","H5",NA,12,1,665,5
"H5","anc","H5",NA,12,1,666,6
"H5","anc","H5",NA,12,1,667,7
"H5","anc","H5",NA,12,1,668,8
"H5","anc","H5",NA,12,1,669,9
"H5","anc","H5",NA,12,1,670,10
"H5","anc","H5",NA,12,1,671,11
"H5","anc","H5",NA,12,1,672,12
"H5","anc","H5",NA,12,1,673,13
"H5","anc","H5",NA,12,1,674,14
"H5","anc","H5",NA,12,1,675,15
"H5","anc","H5",NA,12,1,676,16
"H5","anc","H5",NA,12,1,677,17
"H5","anc","H5",NA,12,1,678,18
"H5","anc","H5",NA,13,1,679,19
"H5","anc","H5",NA,13,1,680,20
"H6","anc","H6",NA,12,1,681,1
"H6","anc","H6",NA,12,1,682,2
"H6","anc","H6",NA,12,1,683,3
"H6","anc","H6",NA,12,1,684,4
"H6","anc","H6",NA,14,1,685,5
"H6","anc","H6",NA,14,1,686,6
"H6","anc","H6",NA,14,1,687,7
"H6","anc","H6",NA,14,1,688,8
"H6","anc","H6",NA,14,1,689,9
"H6","anc","H6",NA,15,1,690,10
"H6","anc","H6",NA,15,1,691,11
"H6","anc","H6",NA,15,1,692,12
"H6","anc","H6",NA,15,1,693,13
"H6","anc","H6",NA,16,1,694,14
"H6","anc","H6",NA,16,1,695,15
"H6","anc","H6",NA,16,1,696,16
"H6","anc","H6",NA,16,1,697,17
"H6","anc","H6",NA,16,1,698,18
"H6","anc","H6",NA,16,1,699,19
"H6","anc","H6",NA,16,1,700,20
"H7","anc","H7",NA,16,1,701,1
"H7","anc","H7",NA,22,1,702,2
"H7","anc","H7",NA,22,1,703,3
"H7","anc","H7",NA,22,1,704,4
"H7","anc","H7",NA,22,1,705,5
"H7","anc","H7",NA,22,1,706,6
"H7","anc","H7",NA,22,1,707,7
"H7","anc","H7",NA,22,1,708,8
"H7","anc","H7",NA,22,1,709,9
"H7","anc","H7",NA,22,1,710,10
"H7","anc","H7",NA,22,1,711,11
"H7","anc","H7",NA,22,1,712,12
"H7","anc","H7",NA,22,1,713,13
"H7","anc","H7",NA,22,1,714,14
"H7","anc","H7",NA,22,1,715,15
"H7","anc","H7",NA,22,1,716,16
"H7","anc","H7",NA,22,1,717,17
"H7","anc","H7",NA,22,1,718,18
"H7","anc","H7",NA,22,1,719,19
"H7","anc","H7",NA,22,1,720,20
"H8","anc","H8",NA,10,1,721,1
"H8","anc","H8",NA,13,1,722,2
"H8","anc","H8",NA,13,1,723,3
"H8","anc","H8",NA,13,1,724,4
"H8","anc","H8",NA,14,1,725,5
"H8","anc","H8",NA,15,1,726,6
"H8","anc","H8",NA,15,1,727,7
"H8","anc","H8",NA,15,1,728,8
"H8","anc","H8",NA,15,1,729,9
"H8","anc","H8",NA,15,1,730,10
"H8","anc","H8",NA,15,1,731,11
"H8","anc","H8",NA,15,1,732,12
"H8","anc","H8",NA,15,1,733,13
"H8","anc","H8",NA,15,1,734,14
"H8","anc","H8",NA,16,1,735,15
"H8","anc","H8",NA,16,1,736,16
"H8","anc","H8",NA,16,1,737,17
"H8","anc","H8",NA,16,1,738,18
"H8","anc","H8",NA,16,1,739,19
"H8","anc","H8",NA,16,1,740,20
"H9","anc","H9",NA,13,1,741,1
"H9","anc","H9",NA,14,1,742,2
"H9","anc","H9",NA,15,1,743,3
"H9","anc","H9",NA,15,1,744,4
"H9","anc","H9",NA,15,1,745,5
"H9","anc","H9",NA,15,1,746,6
"H9","anc","H9",NA,15,1,747,7
"H9","anc","H9",NA,16,1,748,8
"H9","anc","H9",NA,16,1,749,9
"H9","anc","H9",NA,16,1,750,10
"H9","anc","H9",NA,16,1,751,11
"H9","anc","H9",NA,16,1,752,12
"H9","anc","H9",NA,16,1,753,13
"H9","anc","H9",NA,16,1,754,14
"H9","anc","H9",NA,22,1,755,15
"H9","anc","H9",NA,22,1,756,16
"H9","anc","H9",NA,22,1,757,17
"H9","anc","H9",NA,22,1,758,18
"H9","anc","H9",NA,22,1,759,19
"H9","anc","H9",NA,22,1,760,20
"M_R1_C8","mix","R1","resist",51,0,761,1
"M_R1_C8","mix","R1","resist",51,0,762,2
"M_R1_C8","mix","R1","resist",51,0,763,3
"M_R1_C8","mix","R1","resist",51,0,764,4
"M_R1_C8","mix","R1","resist",51,0,765,5
"M_R1_C8","mix","R1","resist",51,0,766,6
"M_R1_C8","mix","R1","resist",51,0,767,7
"M_R1_C8","mix","R1","resist",51,0,768,8
"M_R1_C8","mix","R1","resist",51,0,769,9
"M_R1_C8","mix","R1","resist",51,0,770,10
"M_R1_C8","mix","R1","resist",51,0,771,11
"M_R1_C8","mix","R1","resist",51,0,772,12
"M_R1_C8","mix","R1","resist",51,0,773,13
"M_R1_C8","mix","R1","resist",51,0,774,14
"M_R1_C8","mix","R1","resist",51,0,775,15
"M_R1_C8","mix","R1","resist",51,0,776,16
"M_R1_C8","mix","R1","resist",51,0,777,17
"M_R1_C8","mix","R1","resist",51,0,778,18
"M_R1_C8","mix","R1","resist",51,0,779,19
"M_R1_C8","mix","R1","resist",51,0,780,20
"M_R2_C7","mix","R2","resist",16,1,781,1
"M_R2_C7","mix","R2","resist",19,1,782,2
"M_R2_C7","mix","R2","resist",28,1,783,3
"M_R2_C7","mix","R2","resist",28,1,784,4
"M_R2_C7","mix","R2","resist",32,1,785,5
"M_R2_C7","mix","R2","resist",45,1,786,6
"M_R2_C7","mix","R2","resist",45,1,787,7
"M_R2_C7","mix","R2","resist",45,1,788,8
"M_R2_C7","mix","R2","resist",45,1,789,9
"M_R2_C7","mix","R2","resist",49,1,790,10
"M_R2_C7","mix","R2","resist",51,1,791,11
"M_R2_C7","mix","R2","resist",51,0,792,12
"M_R2_C7","mix","R2","resist",51,0,793,13
"M_R2_C7","mix","R2","resist",51,0,794,14
"M_R2_C7","mix","R2","resist",51,0,795,15
"M_R2_C7","mix","R2","resist",51,0,796,16
"M_R2_C7","mix","R2","resist",51,0,797,17
"M_R2_C7","mix","R2","resist",51,0,798,18
"M_R2_C7","mix","R2","resist",51,0,799,19
"M_R2_C7","mix","R2","resist",51,0,800,20
"M_R3_C13","mix","R3","resist",51,0,801,1
"M_R3_C13","mix","R3","resist",51,0,802,2
"M_R3_C13","mix","R3","resist",51,0,803,3
"M_R3_C13","mix","R3","resist",51,0,804,4
"M_R3_C13","mix","R3","resist",51,0,805,5
"M_R3_C13","mix","R3","resist",51,0,806,6
"M_R3_C13","mix","R3","resist",51,0,807,7
"M_R3_C13","mix","R3","resist",51,0,808,8
"M_R3_C13","mix","R3","resist",51,0,809,9
"M_R3_C13","mix","R3","resist",51,0,810,10
"M_R3_C13","mix","R3","resist",51,0,811,11
"M_R3_C13","mix","R3","resist",51,0,812,12
"M_R3_C13","mix","R3","resist",51,0,813,13
"M_R3_C13","mix","R3","resist",51,0,814,14
"M_R3_C13","mix","R3","resist",51,0,815,15
"M_R3_C13","mix","R3","resist",51,0,816,16
"M_R3_C13","mix","R3","resist",51,0,817,17
"M_R3_C13","mix","R3","resist",51,0,818,18
"M_R3_C13","mix","R3","resist",51,0,819,19
"M_R3_C13","mix","R3","resist",51,0,820,20
"M_R3_C16","mix","R3","susc",28,1,821,1
"M_R3_C16","mix","R3","susc",32,1,822,2
"M_R3_C16","mix","R3","susc",32,1,823,3
"M_R3_C16","mix","R3","susc",34,1,824,4
"M_R3_C16","mix","R3","susc",36,1,825,5
"M_R3_C16","mix","R3","susc",38,1,826,6
"M_R3_C16","mix","R3","susc",38,1,827,7
"M_R3_C16","mix","R3","susc",40,1,828,8
"M_R3_C16","mix","R3","susc",46,1,829,9
"M_R3_C16","mix","R3","susc",46,1,830,10
"M_R3_C16","mix","R3","susc",46,1,831,11
"M_R3_C16","mix","R3","susc",46,1,832,12
"M_R3_C16","mix","R3","susc",50,1,833,13
"M_R3_C16","mix","R3","susc",50,1,834,14
"M_R3_C16","mix","R3","susc",50,1,835,15
"M_R3_C16","mix","R3","susc",52,1,836,16
"M_R3_C16","mix","R3","susc",52,1,837,17
"M_R3_C16","mix","R3","susc",58,0,838,18
"M_R3_C16","mix","R3","susc",58,0,839,19
"M_R3_C16","mix","R3","susc",58,0,840,20
"M_R3_C2","mix","R3","susc",26,1,841,1
"M_R3_C2","mix","R3","susc",28,1,842,2
"M_R3_C2","mix","R3","susc",30,1,843,3
"M_R3_C2","mix","R3","susc",30,1,844,4
"M_R3_C2","mix","R3","susc",32,1,845,5
"M_R3_C2","mix","R3","susc",34,1,846,6
"M_R3_C2","mix","R3","susc",34,1,847,7
"M_R3_C2","mix","R3","susc",34,1,848,8
"M_R3_C2","mix","R3","susc",34,1,849,9
"M_R3_C2","mix","R3","susc",34,1,850,10
"M_R3_C2","mix","R3","susc",36,1,851,11
"M_R3_C2","mix","R3","susc",44,1,852,12
"M_R3_C2","mix","R3","susc",46,1,853,13
"M_R3_C2","mix","R3","susc",50,1,854,14
"M_R3_C2","mix","R3","susc",50,1,855,15
"M_R3_C2","mix","R3","susc",58,0,856,16
"M_R3_C2","mix","R3","susc",58,0,857,17
"M_R3_C2","mix","R3","susc",58,0,858,18
"M_R3_C2","mix","R3","susc",58,0,859,19
"M_R3_C2","mix","R3","susc",58,0,860,20
"M_R3_C24","mix","R3","susc",38,1,861,1
"M_R3_C24","mix","R3","susc",40,1,862,2
"M_R3_C24","mix","R3","susc",40,1,863,3
"M_R3_C24","mix","R3","susc",40,1,864,4
"M_R3_C24","mix","R3","susc",40,1,865,5
"M_R3_C24","mix","R3","susc",46,1,866,6
"M_R3_C24","mix","R3","susc",50,1,867,7
"M_R3_C24","mix","R3","susc",50,1,868,8
"M_R3_C24","mix","R3","susc",50,1,869,9
"M_R3_C24","mix","R3","susc",50,1,870,10
"M_R3_C24","mix","R3","susc",50,1,871,11
"M_R3_C24","mix","R3","susc",58,0,872,12
"M_R3_C24","mix","R3","susc",58,0,873,13
"M_R3_C24","mix","R3","susc",58,0,874,14
"M_R3_C24","mix","R3","susc",58,0,875,15
"M_R3_C24","mix","R3","susc",58,0,876,16
"M_R3_C24","mix","R3","susc",58,0,877,17
"M_R3_C24","mix","R3","susc",58,0,878,18
"M_R3_C24","mix","R3","susc",58,0,879,19
"M_R3_C24","mix","R3","susc",58,0,880,20
"M_R3_C5","mix","R3","resist_sing",18,1,881,1
"M_R3_C5","mix","R3","resist_sing",19,1,882,2
"M_R3_C5","mix","R3","resist_sing",22,1,883,3
"M_R3_C5","mix","R3","resist_sing",22,1,884,4
"M_R3_C5","mix","R3","resist_sing",24,1,885,5
"M_R3_C5","mix","R3","resist_sing",24,1,886,6
"M_R3_C5","mix","R3","resist_sing",26,1,887,7
"M_R3_C5","mix","R3","resist_sing",28,1,888,8
"M_R3_C5","mix","R3","resist_sing",46,0,889,9
"M_R3_C5","mix","R3","resist_sing",46,0,890,10
"M_R3_C5","mix","R3","resist_sing",46,0,891,11
"M_R3_C5","mix","R3","resist_sing",46,0,892,12
"M_R3_C5","mix","R3","resist_sing",46,0,893,13
"M_R3_C5","mix","R3","resist_sing",46,0,894,14
"M_R3_C5","mix","R3","resist_sing",46,0,895,15
"M_R3_C5","mix","R3","resist_sing",46,0,896,16
"M_R3_C5","mix","R3","resist_sing",46,0,897,17
"M_R3_C5","mix","R3","resist_sing",46,0,898,18
"M_R3_C5","mix","R3","resist_sing",46,0,899,19
"M_R3_C5","mix","R3","resist_sing",46,0,900,20
"M_R3_C8","mix","R3","resist_sing",46,0,901,1
"M_R3_C8","mix","R3","resist_sing",46,0,902,2
"M_R3_C8","mix","R3","resist_sing",46,0,903,3
"M_R3_C8","mix","R3","resist_sing",46,0,904,4
"M_R3_C8","mix","R3","resist_sing",46,0,905,5
"M_R3_C8","mix","R3","resist_sing",46,0,906,6
"M_R3_C8","mix","R3","resist_sing",46,0,907,7
"M_R3_C8","mix","R3","resist_sing",46,0,908,8
"M_R3_C8","mix","R3","resist_sing",46,0,909,9
"M_R3_C8","mix","R3","resist_sing",46,0,910,10
"M_R3_C8","mix","R3","resist_sing",46,0,911,11
"M_R3_C8","mix","R3","resist_sing",46,0,912,12
"M_R3_C8","mix","R3","resist_sing",46,0,913,13
"M_R3_C8","mix","R3","resist_sing",46,0,914,14
"M_R3_C8","mix","R3","resist_sing",46,0,915,15
"M_R3_C8","mix","R3","resist_sing",46,0,916,16
"M_R3_C8","mix","R3","resist_sing",46,0,917,17
"M_R3_C8","mix","R3","resist_sing",46,0,918,18
"M_R3_C8","mix","R3","resist_sing",46,0,919,19
"M_R3_C8","mix","R3","resist_sing",46,0,920,20
"M_R4_C22","mix","R4","resist",51,0,921,1
"M_R4_C22","mix","R4","resist",51,0,922,2
"M_R4_C22","mix","R4","resist",51,0,923,3
"M_R4_C22","mix","R4","resist",51,0,924,4
"M_R4_C22","mix","R4","resist",51,0,925,5
"M_R4_C22","mix","R4","resist",51,0,926,6
"M_R4_C22","mix","R4","resist",51,0,927,7
"M_R4_C22","mix","R4","resist",51,0,928,8
"M_R4_C22","mix","R4","resist",51,0,929,9
"M_R4_C22","mix","R4","resist",51,0,930,10
"M_R4_C22","mix","R4","resist",51,0,931,11
"M_R4_C22","mix","R4","resist",51,0,932,12
"M_R4_C22","mix","R4","resist",51,0,933,13
"M_R4_C22","mix","R4","resist",51,0,934,14
"M_R4_C22","mix","R4","resist",51,0,935,15
"M_R4_C22","mix","R4","resist",51,0,936,16
"M_R4_C22","mix","R4","resist",51,0,937,17
"M_R4_C22","mix","R4","resist",51,0,938,18
"M_R4_C22","mix","R4","resist",51,0,939,19
"M_R4_C22","mix","R4","resist",51,0,940,20
"M_R5_C20","mix","R5","resist",18,1,941,1
"M_R5_C20","mix","R5","resist",51,0,942,2
"M_R5_C20","mix","R5","resist",51,0,943,3
"M_R5_C20","mix","R5","resist",51,0,944,4
"M_R5_C20","mix","R5","resist",51,0,945,5
"M_R5_C20","mix","R5","resist",51,0,946,6
"M_R5_C20","mix","R5","resist",51,0,947,7
"M_R5_C20","mix","R5","resist",51,0,948,8
"M_R5_C20","mix","R5","resist",51,0,949,9
"M_R5_C20","mix","R5","resist",51,0,950,10
"M_R5_C20","mix","R5","resist",51,0,951,11
"M_R5_C20","mix","R5","resist",51,0,952,12
"M_R5_C20","mix","R5","resist",51,0,953,13
"M_R5_C20","mix","R5","resist",51,0,954,14
"M_R5_C20","mix","R5","resist",51,0,955,15
"M_R5_C20","mix","R5","resist",51,0,956,16
"M_R5_C20","mix","R5","resist",51,0,957,17
"M_R5_C20","mix","R5","resist",51,0,958,18
"M_R5_C20","mix","R5","resist",51,0,959,19
"M_R5_C20","mix","R5","resist",51,0,960,20
"M_R5_C23","mix","R5","resist_sing",22,1,961,1
"M_R5_C23","mix","R5","resist_sing",22,1,962,2
"M_R5_C23","mix","R5","resist_sing",24,1,963,3
"M_R5_C23","mix","R5","resist_sing",24,1,964,4
"M_R5_C23","mix","R5","resist_sing",24,1,965,5
"M_R5_C23","mix","R5","resist_sing",24,1,966,6
"M_R5_C23","mix","R5","resist_sing",24,1,967,7
"M_R5_C23","mix","R5","resist_sing",26,1,968,8
"M_R5_C23","mix","R5","resist_sing",26,1,969,9
"M_R5_C23","mix","R5","resist_sing",26,1,970,10
"M_R5_C23","mix","R5","resist_sing",26,1,971,11
"M_R5_C23","mix","R5","resist_sing",28,1,972,12
"M_R5_C23","mix","R5","resist_sing",30,1,973,13
"M_R5_C23","mix","R5","resist_sing",32,1,974,14
"M_R5_C23","mix","R5","resist_sing",36,1,975,15
"M_R5_C23","mix","R5","resist_sing",36,1,976,16
"M_R5_C23","mix","R5","resist_sing",46,0,977,17
"M_R5_C23","mix","R5","resist_sing",46,0,978,18
"M_R5_C23","mix","R5","resist_sing",46,0,979,19
"M_R5_C23","mix","R5","resist_sing",46,0,980,20
"M_R5_C24","mix","R5","susc",50,1,981,1
"M_R5_C24","mix","R5","susc",50,1,982,2
"M_R5_C24","mix","R5","susc",52,1,983,3
"M_R5_C24","mix","R5","susc",58,0,984,4
"M_R5_C24","mix","R5","susc",58,0,985,5
"M_R5_C24","mix","R5","susc",58,0,986,6
"M_R5_C24","mix","R5","susc",58,0,987,7
"M_R5_C24","mix","R5","susc",58,0,988,8
"M_R5_C24","mix","R5","susc",58,0,989,9
"M_R5_C24","mix","R5","susc",58,0,990,10
"M_R5_C24","mix","R5","susc",58,0,991,11
"M_R5_C24","mix","R5","susc",58,0,992,12
"M_R5_C24","mix","R5","susc",58,0,993,13
"M_R5_C24","mix","R5","susc",58,0,994,14
"M_R5_C24","mix","R5","susc",58,0,995,15
"M_R5_C24","mix","R5","susc",58,0,996,16
"M_R5_C24","mix","R5","susc",58,0,997,17
"M_R5_C24","mix","R5","susc",58,0,998,18
"M_R5_C24","mix","R5","susc",58,0,999,19
"M_R5_C24","mix","R5","susc",58,0,1000,20
"M_R5_C5","mix","R5","susc",26,1,1001,1
"M_R5_C5","mix","R5","susc",36,1,1002,2
"M_R5_C5","mix","R5","susc",36,1,1003,3
"M_R5_C5","mix","R5","susc",58,0,1004,4
"M_R5_C5","mix","R5","susc",58,0,1005,5
"M_R5_C5","mix","R5","susc",58,0,1006,6
"M_R5_C5","mix","R5","susc",58,0,1007,7
"M_R5_C5","mix","R5","susc",58,0,1008,8
"M_R5_C5","mix","R5","susc",58,0,1009,9
"M_R5_C5","mix","R5","susc",58,0,1010,10
"M_R5_C5","mix","R5","susc",58,0,1011,11
"M_R5_C5","mix","R5","susc",58,0,1012,12
"M_R5_C5","mix","R5","susc",58,0,1013,13
"M_R5_C5","mix","R5","susc",58,0,1014,14
"M_R5_C5","mix","R5","susc",58,0,1015,15
"M_R5_C5","mix","R5","susc",58,0,1016,16
"M_R5_C5","mix","R5","susc",58,0,1017,17
"M_R5_C5","mix","R5","susc",58,0,1018,18
"M_R5_C5","mix","R5","susc",58,0,1019,19
"M_R5_C5","mix","R5","susc",58,0,1020,20
"M_R6_C11","mix","R6","resist",43,1,1021,1
"M_R6_C11","mix","R6","resist",51,0,1022,2
"M_R6_C11","mix","R6","resist",51,0,1023,3
"M_R6_C11","mix","R6","resist",51,0,1024,4
"M_R6_C11","mix","R6","resist",51,0,1025,5
"M_R6_C11","mix","R6","resist",51,0,1026,6
"M_R6_C11","mix","R6","resist",51,0,1027,7
"M_R6_C11","mix","R6","resist",51,0,1028,8
"M_R6_C11","mix","R6","resist",51,0,1029,9
"M_R6_C11","mix","R6","resist",51,0,1030,10
"M_R6_C11","mix","R6","resist",51,0,1031,11
"M_R6_C11","mix","R6","resist",51,0,1032,12
"M_R6_C11","mix","R6","resist",51,0,1033,13
"M_R6_C11","mix","R6","resist",51,0,1034,14
"M_R6_C11","mix","R6","resist",51,0,1035,15
"M_R6_C11","mix","R6","resist",51,0,1036,16
"M_R6_C11","mix","R6","resist",51,0,1037,17
"M_R6_C11","mix","R6","resist",51,0,1038,18
"M_R6_C11","mix","R6","resist",51,0,1039,19
"M_R6_C11","mix","R6","resist",51,0,1040,20
"M_R6_C18","mix","R6","susc",32,1,1041,1
"M_R6_C18","mix","R6","susc",32,1,1042,2
"M_R6_C18","mix","R6","susc",34,1,1043,3
"M_R6_C18","mix","R6","susc",34,1,1044,4
"M_R6_C18","mix","R6","susc",36,1,1045,5
"M_R6_C18","mix","R6","susc",42,1,1046,6
"M_R6_C18","mix","R6","susc",50,1,1047,7
"M_R6_C18","mix","R6","susc",50,1,1048,8
"M_R6_C18","mix","R6","susc",58,0,1049,9
"M_R6_C18","mix","R6","susc",58,0,1050,10
"M_R6_C18","mix","R6","susc",58,0,1051,11
"M_R6_C18","mix","R6","susc",58,0,1052,12
"M_R6_C18","mix","R6","susc",58,0,1053,13
"M_R6_C18","mix","R6","susc",58,0,1054,14
"M_R6_C18","mix","R6","susc",58,0,1055,15
"M_R6_C18","mix","R6","susc",58,0,1056,16
"M_R6_C18","mix","R6","susc",58,0,1057,17
"M_R6_C18","mix","R6","susc",58,0,1058,18
"M_R6_C18","mix","R6","susc",58,0,1059,19
"M_R6_C18","mix","R6","susc",58,0,1060,20
"M_R6_C21","mix","R6","susc",34,1,1061,1
"M_R6_C21","mix","R6","susc",40,1,1062,2
"M_R6_C21","mix","R6","susc",40,1,1063,3
"M_R6_C21","mix","R6","susc",44,1,1064,4
"M_R6_C21","mix","R6","susc",44,1,1065,5
"M_R6_C21","mix","R6","susc",44,1,1066,6
"M_R6_C21","mix","R6","susc",46,1,1067,7
"M_R6_C21","mix","R6","susc",46,1,1068,8
"M_R6_C21","mix","R6","susc",48,1,1069,9
"M_R6_C21","mix","R6","susc",50,1,1070,10
"M_R6_C21","mix","R6","susc",58,0,1071,11
"M_R6_C21","mix","R6","susc",58,0,1072,12
"M_R6_C21","mix","R6","susc",58,0,1073,13
"M_R6_C21","mix","R6","susc",58,0,1074,14
"M_R6_C21","mix","R6","susc",58,0,1075,15
"M_R6_C21","mix","R6","susc",58,0,1076,16
"M_R6_C21","mix","R6","susc",58,0,1077,17
"M_R6_C21","mix","R6","susc",58,0,1078,18
"M_R6_C21","mix","R6","susc",58,0,1079,19
"M_R6_C21","mix","R6","susc",58,0,1080,20
"M_R6_C24","mix","R6","resist_sing",32,1,1081,1
"M_R6_C24","mix","R6","resist_sing",46,0,1082,2
"M_R6_C24","mix","R6","resist_sing",46,0,1083,3
"M_R6_C24","mix","R6","resist_sing",46,0,1084,4
"M_R6_C24","mix","R6","resist_sing",46,0,1085,5
"M_R6_C24","mix","R6","resist_sing",46,0,1086,6
"M_R6_C24","mix","R6","resist_sing",46,0,1087,7
"M_R6_C24","mix","R6","resist_sing",46,0,1088,8
"M_R6_C24","mix","R6","resist_sing",46,0,1089,9
"M_R6_C24","mix","R6","resist_sing",46,0,1090,10
"M_R6_C24","mix","R6","resist_sing",46,0,1091,11
"M_R6_C24","mix","R6","resist_sing",46,0,1092,12
"M_R6_C24","mix","R6","resist_sing",46,0,1093,13
"M_R6_C24","mix","R6","resist_sing",46,0,1094,14
"M_R6_C24","mix","R6","resist_sing",46,0,1095,15
"M_R6_C24","mix","R6","resist_sing",46,0,1096,16
"M_R6_C24","mix","R6","resist_sing",46,0,1097,17
"M_R6_C24","mix","R6","resist_sing",46,0,1098,18
"M_R6_C24","mix","R6","resist_sing",46,0,1099,19
"M_R6_C24","mix","R6","resist_sing",46,0,1100,20
"M_R6_C4","mix","R6","susc",26,1,1101,1
"M_R6_C4","mix","R6","susc",28,1,1102,2
"M_R6_C4","mix","R6","susc",32,1,1103,3
"M_R6_C4","mix","R6","susc",34,1,1104,4
"M_R6_C4","mix","R6","susc",34,1,1105,5
"M_R6_C4","mix","R6","susc",34,1,1106,6
"M_R6_C4","mix","R6","susc",34,1,1107,7
"M_R6_C4","mix","R6","susc",36,1,1108,8
"M_R6_C4","mix","R6","susc",38,1,1109,9
"M_R6_C4","mix","R6","susc",44,1,1110,10
"M_R6_C4","mix","R6","susc",48,1,1111,11
"M_R6_C4","mix","R6","susc",50,1,1112,12
"M_R6_C4","mix","R6","susc",58,0,1113,13
"M_R6_C4","mix","R6","susc",58,0,1114,14
"M_R6_C4","mix","R6","susc",58,0,1115,15
"M_R6_C4","mix","R6","susc",58,0,1116,16
"M_R6_C4","mix","R6","susc",58,0,1117,17
"M_R6_C4","mix","R6","susc",58,0,1118,18
"M_R6_C4","mix","R6","susc",58,0,1119,19
"M_R6_C4","mix","R6","susc",58,0,1120,20
"MA_R1_C22","mix_add","R1","susc",34,1,1121,1
"MA_R1_C22","mix_add","R1","susc",40,1,1122,2
"MA_R1_C22","mix_add","R1","susc",40,1,1123,3
"MA_R1_C22","mix_add","R1","susc",44,1,1124,4
"MA_R1_C22","mix_add","R1","susc",44,1,1125,5
"MA_R1_C22","mix_add","R1","susc",44,1,1126,6
"MA_R1_C22","mix_add","R1","susc",44,1,1127,7
"MA_R1_C22","mix_add","R1","susc",44,1,1128,8
"MA_R1_C22","mix_add","R1","susc",46,1,1129,9
"MA_R1_C22","mix_add","R1","susc",48,1,1130,10
"MA_R1_C22","mix_add","R1","susc",48,1,1131,11
"MA_R1_C22","mix_add","R1","susc",48,1,1132,12
"MA_R1_C22","mix_add","R1","susc",48,1,1133,13
"MA_R1_C22","mix_add","R1","susc",50,1,1134,14
"MA_R1_C22","mix_add","R1","susc",50,1,1135,15
"MA_R1_C22","mix_add","R1","susc",50,1,1136,16
"MA_R1_C22","mix_add","R1","susc",58,0,1137,17
"MA_R1_C22","mix_add","R1","susc",58,0,1138,18
"MA_R1_C22","mix_add","R1","susc",58,0,1139,19
"MA_R1_C22","mix_add","R1","susc",58,0,1140,20
"MA_R1_C23","mix_add","R1","resist",51,1,1141,1
"MA_R1_C23","mix_add","R1","resist",51,0,1142,2
"MA_R1_C23","mix_add","R1","resist",51,0,1143,3
"MA_R1_C23","mix_add","R1","resist",51,0,1144,4
"MA_R1_C23","mix_add","R1","resist",51,0,1145,5
"MA_R1_C23","mix_add","R1","resist",51,0,1146,6
"MA_R1_C23","mix_add","R1","resist",51,0,1147,7
"MA_R1_C23","mix_add","R1","resist",51,0,1148,8
"MA_R1_C23","mix_add","R1","resist",51,0,1149,9
"MA_R1_C23","mix_add","R1","resist",51,0,1150,10
"MA_R1_C23","mix_add","R1","resist",51,0,1151,11
"MA_R1_C23","mix_add","R1","resist",51,0,1152,12
"MA_R1_C23","mix_add","R1","resist",51,0,1153,13
"MA_R1_C23","mix_add","R1","resist",51,0,1154,14
"MA_R1_C23","mix_add","R1","resist",51,0,1155,15
"MA_R1_C23","mix_add","R1","resist",51,0,1156,16
"MA_R1_C23","mix_add","R1","resist",51,0,1157,17
"MA_R1_C23","mix_add","R1","resist",51,0,1158,18
"MA_R1_C23","mix_add","R1","resist",51,0,1159,19
"MA_R1_C23","mix_add","R1","resist",51,0,1160,20
"MA_R2_C12","mix_add","R2","resist",30,1,1161,1
"MA_R2_C12","mix_add","R2","resist",51,0,1162,2
"MA_R2_C12","mix_add","R2","resist",51,0,1163,3
"MA_R2_C12","mix_add","R2","resist",51,0,1164,4
"MA_R2_C12","mix_add","R2","resist",51,0,1165,5
"MA_R2_C12","mix_add","R2","resist",51,0,1166,6
"MA_R2_C12","mix_add","R2","resist",51,0,1167,7
"MA_R2_C12","mix_add","R2","resist",51,0,1168,8
"MA_R2_C12","mix_add","R2","resist",51,0,1169,9
"MA_R2_C12","mix_add","R2","resist",51,0,1170,10
"MA_R2_C12","mix_add","R2","resist",51,0,1171,11
"MA_R2_C12","mix_add","R2","resist",51,0,1172,12
"MA_R2_C12","mix_add","R2","resist",51,0,1173,13
"MA_R2_C12","mix_add","R2","resist",51,0,1174,14
"MA_R2_C12","mix_add","R2","resist",51,0,1175,15
"MA_R2_C12","mix_add","R2","resist",51,0,1176,16
"MA_R2_C12","mix_add","R2","resist",51,0,1177,17
"MA_R2_C12","mix_add","R2","resist",51,0,1178,18
"MA_R2_C12","mix_add","R2","resist",51,0,1179,19
"MA_R2_C12","mix_add","R2","resist",51,0,1180,20
"MA_R3_C10","mix_add","R3","resist",26,1,1181,1
"MA_R3_C10","mix_add","R3","resist",32,1,1182,2
"MA_R3_C10","mix_add","R3","resist",51,0,1183,3
"MA_R3_C10","mix_add","R3","resist",51,0,1184,4
"MA_R3_C10","mix_add","R3","resist",51,0,1185,5
"MA_R3_C10","mix_add","R3","resist",51,0,1186,6
"MA_R3_C10","mix_add","R3","resist",51,0,1187,7
"MA_R3_C10","mix_add","R3","resist",51,0,1188,8
"MA_R3_C10","mix_add","R3","resist",51,0,1189,9
"MA_R3_C10","mix_add","R3","resist",51,0,1190,10
"MA_R3_C10","mix_add","R3","resist",51,0,1191,11
"MA_R3_C10","mix_add","R3","resist",51,0,1192,12
"MA_R3_C10","mix_add","R3","resist",51,0,1193,13
"MA_R3_C10","mix_add","R3","resist",51,0,1194,14
"MA_R3_C10","mix_add","R3","resist",51,0,1195,15
"MA_R3_C10","mix_add","R3","resist",51,0,1196,16
"MA_R3_C10","mix_add","R3","resist",51,0,1197,17
"MA_R3_C10","mix_add","R3","resist",51,0,1198,18
"MA_R3_C10","mix_add","R3","resist",51,0,1199,19
"MA_R3_C10","mix_add","R3","resist",51,0,1200,20
"MA_R4_C1","mix_add","R4","resist",34,1,1201,1
"MA_R4_C1","mix_add","R4","resist",51,0,1202,2
"MA_R4_C1","mix_add","R4","resist",51,0,1203,3
"MA_R4_C1","mix_add","R4","resist",51,0,1204,4
"MA_R4_C1","mix_add","R4","resist",51,0,1205,5
"MA_R4_C1","mix_add","R4","resist",51,0,1206,6
"MA_R4_C1","mix_add","R4","resist",51,0,1207,7
"MA_R4_C1","mix_add","R4","resist",51,0,1208,8
"MA_R4_C1","mix_add","R4","resist",51,0,1209,9
"MA_R4_C1","mix_add","R4","resist",51,0,1210,10
"MA_R4_C1","mix_add","R4","resist",51,0,1211,11
"MA_R4_C1","mix_add","R4","resist",51,0,1212,12
"MA_R4_C1","mix_add","R4","resist",51,0,1213,13
"MA_R4_C1","mix_add","R4","resist",51,0,1214,14
"MA_R4_C1","mix_add","R4","resist",51,0,1215,15
"MA_R4_C1","mix_add","R4","resist",51,0,1216,16
"MA_R4_C1","mix_add","R4","resist",51,0,1217,17
"MA_R4_C1","mix_add","R4","resist",51,0,1218,18
"MA_R4_C1","mix_add","R4","resist",51,0,1219,19
"MA_R4_C1","mix_add","R4","resist",51,0,1220,20
"MA_R4_C13","mix_add","R4","resist_sing",28,1,1221,1
"MA_R4_C13","mix_add","R4","resist_sing",28,1,1222,2
"MA_R4_C13","mix_add","R4","resist_sing",32,1,1223,3
"MA_R4_C13","mix_add","R4","resist_sing",32,1,1224,4
"MA_R4_C13","mix_add","R4","resist_sing",32,1,1225,5
"MA_R4_C13","mix_add","R4","resist_sing",34,1,1226,6
"MA_R4_C13","mix_add","R4","resist_sing",36,1,1227,7
"MA_R4_C13","mix_add","R4","resist_sing",36,1,1228,8
"MA_R4_C13","mix_add","R4","resist_sing",42,1,1229,9
"MA_R4_C13","mix_add","R4","resist_sing",46,0,1230,10
"MA_R4_C13","mix_add","R4","resist_sing",46,0,1231,11
"MA_R4_C13","mix_add","R4","resist_sing",46,0,1232,12
"MA_R4_C13","mix_add","R4","resist_sing",46,0,1233,13
"MA_R4_C13","mix_add","R4","resist_sing",46,0,1234,14
"MA_R4_C13","mix_add","R4","resist_sing",46,0,1235,15
"MA_R4_C13","mix_add","R4","resist_sing",46,0,1236,16
"MA_R4_C13","mix_add","R4","resist_sing",46,0,1237,17
"MA_R4_C13","mix_add","R4","resist_sing",46,0,1238,18
"MA_R4_C13","mix_add","R4","resist_sing",46,0,1239,19
"MA_R4_C13","mix_add","R4","resist_sing",46,0,1240,20
"MA_R5_C15","mix_add","R5","resist",45,1,1241,1
"MA_R5_C15","mix_add","R5","resist",51,0,1242,2
"MA_R5_C15","mix_add","R5","resist",51,0,1243,3
"MA_R5_C15","mix_add","R5","resist",51,0,1244,4
"MA_R5_C15","mix_add","R5","resist",51,0,1245,5
"MA_R5_C15","mix_add","R5","resist",51,0,1246,6
"MA_R5_C15","mix_add","R5","resist",51,0,1247,7
"MA_R5_C15","mix_add","R5","resist",51,0,1248,8
"MA_R5_C15","mix_add","R5","resist",51,0,1249,9
"MA_R5_C15","mix_add","R5","resist",51,0,1250,10
"MA_R5_C15","mix_add","R5","resist",51,0,1251,11
"MA_R5_C15","mix_add","R5","resist",51,0,1252,12
"MA_R5_C15","mix_add","R5","resist",51,0,1253,13
"MA_R5_C15","mix_add","R5","resist",51,0,1254,14
"MA_R5_C15","mix_add","R5","resist",51,0,1255,15
"MA_R5_C15","mix_add","R5","resist",51,0,1256,16
"MA_R5_C15","mix_add","R5","resist",51,0,1257,17
"MA_R5_C15","mix_add","R5","resist",51,0,1258,18
"MA_R5_C15","mix_add","R5","resist",51,0,1259,19
"MA_R5_C15","mix_add","R5","resist",51,0,1260,20
"MA_R5_C16","mix_add","R5","resist_sing",18,1,1261,1
"MA_R5_C16","mix_add","R5","resist_sing",18,1,1262,2
"MA_R5_C16","mix_add","R5","resist_sing",19,1,1263,3
"MA_R5_C16","mix_add","R5","resist_sing",22,1,1264,4
"MA_R5_C16","mix_add","R5","resist_sing",22,1,1265,5
"MA_R5_C16","mix_add","R5","resist_sing",22,1,1266,6
"MA_R5_C16","mix_add","R5","resist_sing",22,1,1267,7
"MA_R5_C16","mix_add","R5","resist_sing",22,1,1268,8
"MA_R5_C16","mix_add","R5","resist_sing",22,1,1269,9
"MA_R5_C16","mix_add","R5","resist_sing",24,1,1270,10
"MA_R5_C16","mix_add","R5","resist_sing",24,1,1271,11
"MA_R5_C16","mix_add","R5","resist_sing",28,1,1272,12
"MA_R5_C16","mix_add","R5","resist_sing",36,1,1273,13
"MA_R5_C16","mix_add","R5","resist_sing",46,0,1274,14
"MA_R5_C16","mix_add","R5","resist_sing",46,0,1275,15
"MA_R5_C16","mix_add","R5","resist_sing",46,0,1276,16
"MA_R5_C16","mix_add","R5","resist_sing",46,0,1277,17
"MA_R5_C16","mix_add","R5","resist_sing",46,0,1278,18
"MA_R5_C16","mix_add","R5","resist_sing",46,0,1279,19
"MA_R5_C16","mix_add","R5","resist_sing",46,0,1280,20
"MA_R5_C17","mix_add","R5","resist_sing",19,1,1281,1
"MA_R5_C17","mix_add","R5","resist_sing",19,1,1282,2
"MA_R5_C17","mix_add","R5","resist_sing",19,1,1283,3
"MA_R5_C17","mix_add","R5","resist_sing",19,1,1284,4
"MA_R5_C17","mix_add","R5","resist_sing",19,1,1285,5
"MA_R5_C17","mix_add","R5","resist_sing",19,1,1286,6
"MA_R5_C17","mix_add","R5","resist_sing",19,1,1287,7
"MA_R5_C17","mix_add","R5","resist_sing",19,1,1288,8
"MA_R5_C17","mix_add","R5","resist_sing",19,1,1289,9
"MA_R5_C17","mix_add","R5","resist_sing",19,1,1290,10
"MA_R5_C17","mix_add","R5","resist_sing",19,1,1291,11
"MA_R5_C17","mix_add","R5","resist_sing",19,1,1292,12
"MA_R5_C17","mix_add","R5","resist_sing",19,1,1293,13
"MA_R5_C17","mix_add","R5","resist_sing",19,1,1294,14
"MA_R5_C17","mix_add","R5","resist_sing",19,1,1295,15
"MA_R5_C17","mix_add","R5","resist_sing",19,1,1296,16
"MA_R5_C17","mix_add","R5","resist_sing",19,1,1297,17
"MA_R5_C17","mix_add","R5","resist_sing",22,1,1298,18
"MA_R5_C17","mix_add","R5","resist_sing",22,1,1299,19
"MA_R5_C17","mix_add","R5","resist_sing",46,0,1300,20
"MA_R6_C14","mix_add","R6","susc",30,1,1301,1
"MA_R6_C14","mix_add","R6","susc",34,1,1302,2
"MA_R6_C14","mix_add","R6","susc",36,1,1303,3
"MA_R6_C14","mix_add","R6","susc",38,1,1304,4
"MA_R6_C14","mix_add","R6","susc",38,1,1305,5
"MA_R6_C14","mix_add","R6","susc",42,1,1306,6
"MA_R6_C14","mix_add","R6","susc",44,1,1307,7
"MA_R6_C14","mix_add","R6","susc",46,1,1308,8
"MA_R6_C14","mix_add","R6","susc",50,1,1309,9
"MA_R6_C14","mix_add","R6","susc",54,1,1310,10
"MA_R6_C14","mix_add","R6","susc",56,1,1311,11
"MA_R6_C14","mix_add","R6","susc",58,0,1312,12
"MA_R6_C14","mix_add","R6","susc",58,0,1313,13
"MA_R6_C14","mix_add","R6","susc",58,0,1314,14
"MA_R6_C14","mix_add","R6","susc",58,0,1315,15
"MA_R6_C14","mix_add","R6","susc",58,0,1316,16
"MA_R6_C14","mix_add","R6","susc",58,0,1317,17
"MA_R6_C14","mix_add","R6","susc",58,0,1318,18
"MA_R6_C14","mix_add","R6","susc",58,0,1319,19
"MA_R6_C14","mix_add","R6","susc",58,0,1320,20
"MA_R6_C20","mix_add","R6","susc",30,1,1321,1
"MA_R6_C20","mix_add","R6","susc",32,1,1322,2
"MA_R6_C20","mix_add","R6","susc",34,1,1323,3
"MA_R6_C20","mix_add","R6","susc",34,1,1324,4
"MA_R6_C20","mix_add","R6","susc",34,1,1325,5
"MA_R6_C20","mix_add","R6","susc",36,1,1326,6
"MA_R6_C20","mix_add","R6","susc",40,1,1327,7
"MA_R6_C20","mix_add","R6","susc",44,1,1328,8
"MA_R6_C20","mix_add","R6","susc",46,1,1329,9
"MA_R6_C20","mix_add","R6","susc",46,1,1330,10
"MA_R6_C20","mix_add","R6","susc",46,1,1331,11
"MA_R6_C20","mix_add","R6","susc",46,1,1332,12
"MA_R6_C20","mix_add","R6","susc",48,1,1333,13
"MA_R6_C20","mix_add","R6","susc",48,1,1334,14
"MA_R6_C20","mix_add","R6","susc",50,1,1335,15
"MA_R6_C20","mix_add","R6","susc",50,1,1336,16
"MA_R6_C20","mix_add","R6","susc",50,1,1337,17
"MA_R6_C20","mix_add","R6","susc",50,1,1338,18
"MA_R6_C20","mix_add","R6","susc",58,0,1339,19
"MA_R6_C20","mix_add","R6","susc",58,0,1340,20
"MA_R6_C3","mix_add","R6","susc",30,1,1341,1
"MA_R6_C3","mix_add","R6","susc",30,1,1342,2
"MA_R6_C3","mix_add","R6","susc",34,1,1343,3
"MA_R6_C3","mix_add","R6","susc",38,1,1344,4
"MA_R6_C3","mix_add","R6","susc",40,1,1345,5
"MA_R6_C3","mix_add","R6","susc",50,1,1346,6
"MA_R6_C3","mix_add","R6","susc",50,1,1347,7
"MA_R6_C3","mix_add","R6","susc",50,1,1348,8
"MA_R6_C3","mix_add","R6","susc",50,1,1349,9
"MA_R6_C3","mix_add","R6","susc",50,1,1350,10
"MA_R6_C3","mix_add","R6","susc",50,1,1351,11
"MA_R6_C3","mix_add","R6","susc",50,1,1352,12
"MA_R6_C3","mix_add","R6","susc",52,1,1353,13
"MA_R6_C3","mix_add","R6","susc",56,1,1354,14
"MA_R6_C3","mix_add","R6","susc",58,0,1355,15
"MA_R6_C3","mix_add","R6","susc",58,0,1356,16
"MA_R6_C3","mix_add","R6","susc",58,0,1357,17
"MA_R6_C3","mix_add","R6","susc",58,0,1358,18
"MA_R6_C3","mix_add","R6","susc",58,0,1359,19
"MA_R6_C3","mix_add","R6","susc",58,0,1360,20
"MA_R6_C9","mix_add","R6","resist",19,1,1361,1
"MA_R6_C9","mix_add","R6","resist",51,0,1362,2
"MA_R6_C9","mix_add","R6","resist",51,0,1363,3
"MA_R6_C9","mix_add","R6","resist",51,0,1364,4
"MA_R6_C9","mix_add","R6","resist",51,0,1365,5
"MA_R6_C9","mix_add","R6","resist",51,0,1366,6
"MA_R6_C9","mix_add","R6","resist",51,0,1367,7
"MA_R6_C9","mix_add","R6","resist",51,0,1368,8
"MA_R6_C9","mix_add","R6","resist",51,0,1369,9
"MA_R6_C9","mix_add","R6","resist",51,0,1370,10
"MA_R6_C9","mix_add","R6","resist",51,0,1371,11
"MA_R6_C9","mix_add","R6","resist",51,0,1372,12
"MA_R6_C9","mix_add","R6","resist",51,0,1373,13
"MA_R6_C9","mix_add","R6","resist",51,0,1374,14
"MA_R6_C9","mix_add","R6","resist",51,0,1375,15
"MA_R6_C9","mix_add","R6","resist",51,0,1376,16
"MA_R6_C9","mix_add","R6","resist",51,0,1377,17
"MA_R6_C9","mix_add","R6","resist",51,0,1378,18
"MA_R6_C9","mix_add","R6","resist",51,0,1379,19
"MA_R6_C9","mix_add","R6","resist",51,0,1380,20
